site,breach_probability,visits,actually_breached,state
WATER WORKS- WAZIRABAD DELHI,0.9568992853164673,1,1.0,Delhi
BHALSWA LAKE DELHI,0.9521942138671875,3,1.0,Delhi
KEMPAMBUDHI LAKE,0.950561136007309,2,1.0,Karnataka
DHAPA CALCUTTA WEST BENGAL,0.9436245560646057,1,1.0,West Bengal
KHARDA CANAL NORTH 24 PARGANAS NEAR JAYSHREE CHEMICAL INDUSTRY,0.9424627423286438,2,1.0,West Bengal
BEHALA CALCUTTA WEST BENGAL,0.9389620423316956,1,0.0,West Bengal
KALKERE TANK,0.9355738759040833,1,1.0,Karnataka
PEDDA CHERUVU MANSOORABAD (V) SAROORNAGAR,0.9291543364524841,1,1.0,Andhra Pradesh
LAKE NEAR IIT FLYOVER DELHI,0.9232163429260254,1,1.0,Delhi
RIVER MUSI AT NAGOLE RANGAREDDY,0.9227918386459351,1,1.0,Andhra Pradesh
MULA RIVER AT AUNDH BRIDGE AUNDHGAON HAWELI PUNE,0.9220287501811981,2,1.0,Maharashtra
SANKEY TANK,0.9220278263092041,1,1.0,Karnataka
HULIMAVU LAKE,0.9207847714424133,1,1.0,Karnataka
WATER WORKS- DWARKA DELHI,0.915187656879425,1,0.0,Delhi
SANJAY LAKE DELHI,0.914740115404129,2,1.0,Delhi
RACHENAHALLI LAKE,0.9144871234893799,2,1.0,Karnataka
MUSI D/S AT PRATAPSINGARAM HYDERABAD,0.9125259220600128,2,1.0,Telangana
RABINDRASAROVAR NATIONAL LAKE CALCUTTA WEST BENGAL,0.9116889933745066,6,0.8333333333333334,West Bengal
THOL TANK (KALOL) (DIST. MEHASANA),0.9100203712781271,3,1.0,Gujarat
MALATHAHALLI TANK,0.9094366431236267,1,1.0,Karnataka
HEREKERE TANK,0.9078678488731384,1,1.0,Karnataka
PAWANA RIVER AT DAPODI BRIDGE AT PAWANA-MULLA SANGAM DAPODI HAWELI PUNE,0.9076343377431234,3,1.0,Maharashtra
SABARMATI AT AHMEDABAD AT V.N. BRIDGE,0.905064602692922,6,0.6666666666666666,Gujarat
SABARMATI RIVER AT HANSAOL BRIDGE,0.9045690298080444,2,0.5,Gujarat
PEDDA CHERUVU GANGARAM (V) SERLINGAMPALLY (NEW MANDAL),0.9045615262455411,9,1.0,Andhra Pradesh
BHIMA AT PUNE D/S OF BUNDGARDEN YERWADA HAWELI PUNE,0.8992294669151306,1,1.0,Maharashtra
HASMATHPET LAKE HASMATHPET RANGA REDDY,0.897213339805603,1,1.0,Andhra Pradesh
UMDA SAGAR LAKE SHAMSHABAD,0.8929351568222046,1,1.0,Andhra Pradesh
GANGA AT KANPUR U/S (RANIGHAT) U.P,0.8873282909393311,30,0.7666666666666667,Uttar Pradesh
RIVER MUSI AT MOOSARAMBAGH BRIDGE HYDERABAD,0.8815623351505825,7,1.0,Telangana
MUSI SAMPLE AT BAPUGHAT SANGAM U/S OF MUSI,0.8748602271080017,1,1.0,Telangana
KHARI AT LALI VILLAGE NEAR AHMEDABAD,0.8738399147987366,1,1.0,Gujarat
MAHIM CREEK AT MAHIM BAY MAHIM MUMBAI,0.8723663091659546,2,1.0,Maharashtra
LARGE TANK SAROORNAGAR (V),0.8721200823783875,3,1.0,Andhra Pradesh
HEROHALLI TANK,0.8699539303779602,1,1.0,Karnataka
RIVER COOUM AT ANNA NAGAR,0.8679375648498535,3,1.0,Tamil Nadu
KANKORIA LAKE AT AHMEDABAD NR. BALVATIKA,0.8673634007573128,24,0.9583333333333334,Gujarat
MADDELLA KUNTA/ BAIRAMALGUDA CHERUVU,0.8654515147209167,1,1.0,Andhra Pradesh
CHENNAI WATERWAYS AT CAPTAIN COTTON CANAL (ERUKANJERI),0.8632427453994751,1,1.0,Tamil Nadu
PANVEL CREEK AT KOPRA BRIDGE KOPRA PANVEL RAIGAD,0.8631414870421091,6,0.6666666666666666,Chhattisgarh
CHENNAI WATERWAYS AT OTTERI NULLAH (KILPAUK GARDEN),0.8624045252799988,1,1.0,Tamil Nadu
GANGA AT GARDEN REACH KOLKATA WEST BENGAL,0.8620868682861328,10,0.5,West Bengal
BATTARAHALLI LAKE,0.859892725944519,1,1.0,Karnataka
KAIKONDANAHALLI LAKE,0.8593211422363917,12,1.0,Karnataka
GOMTI AT LUCKNOW D/S U.P.,0.8586882203817368,4,1.0,Uttar Pradesh
ULHAS CREEK AT MUMBRA RETI BUNDER VILLAGE MUMBRA THANE,0.8582229018211365,1,1.0,Maharashtra
ALLASANDRA TANK,0.8563256561756134,2,1.0,Karnataka
MUSI U/S AT GANDIPET OSMANSAGAR LAKE HYDERABAD,0.8554364740848541,4,0.0,Telangana
"MYSAMMA CHERUVU, KUKATPALLY(V&M),  MEDCHAL MALKAJGIRI(D)",0.8531674146652222,1,1.0,Telangana
CHENNAI WATERWAYS AT BUCKINGHAM CANAL X OTTERI NULLAH CONFLUENCE (GMR VASAVI INDUSTRIES),0.8522946536540985,2,1.0,Tamil Nadu
KASHIMIRABHAYANDER THANE,0.84952712059021,1,0.0,Maharashtra
PEDDA CHERUVU - KHAJA GUDA KHJAGUDA (V) SERLINGAMPALLY 9NEW MANDAL),0.8493462999661764,3,1.0,Andhra Pradesh
MITHI RIVER MAHIM BANDRA MUMBAI,0.8491553465525309,3,1.0,Maharashtra
MALLAPUR TANK,0.8480888605117798,2,1.0,Andhra Pradesh
LANGARHOUSE LAKE HYDERABAD,0.8474338948726654,2,1.0,Telangana
RIVER COOUM AT COLLAGE ROAD,0.8466053903102875,2,1.0,Tamil Nadu
RIVER ADYAR NEAR BOAT CLUB,0.8462244470914205,3,1.0,Tamil Nadu
NALLA CHERUVU RANGAREDDY,0.8441015481948853,1,1.0,Andhra Pradesh
GANGA AT DAKSHMINESHWAR KOLKATA WEST BENGAL,0.8438370585441589,5,1.0,West Bengal
HUSSAIN SAGAR LAKE BUDAMERU,0.8421446830034256,4,1.0,Telangana
YAMUNA AT NIZAMUDDIN DELHI,0.840748381614685,10,1.0,Delhi
OUTLET OF STP KHAIRATABAD ON HUSSAINSAGAR LAKE RANGA REDDY,0.8397944569587708,1,1.0,Telangana
YAMUNA AT PALLA DELHI,0.8397158699877122,17,0.5882352941176471,Delhi
NAGOLE CHERUVU UPPAL (V),0.8376309275627136,12,1.0,Andhra Pradesh
SAFILGUDA LAKE RANGA REDDY,0.8375934809446335,12,1.0,Andhra Pradesh
JAKKSANDRA LAKE,0.8329014182090759,1,1.0,Karnataka
NOOR MD. KUNTA KATTEDAN RANGAREDDY,0.8323598504066467,2,1.0,Andhra Pradesh
KAPRAI CHERUVU SAHEBNAGAR (V) HAYATHNAGAR,0.8323009014129639,3,1.0,Andhra Pradesh
NARASIPURA LAKE,0.8304416835308075,2,1.0,Karnataka
IBRAHIM CHERUVU RAJENDRA NAGAR,0.8292532563209534,1,1.0,Andhra Pradesh
WESTERN YAMUNA CANAL C-4 BEFORE ENTER INTO DELHI BRANCH R.D.282628,0.8292001287142435,3,0.6666666666666666,Delhi
LAKADARAM CHERUVU LAKADARAM (V) PATANCHERU (M) SANGAREDDY DISTRICT,0.8283478856086731,5,1.0,Telangana
SEA WATER AT HAJI ALI WORLI MUMBAI,0.828193744023641,3,1.0,Maharashtra
KUWADAVA LAKE VILL. KUWADAVA DIST. RAJKOT.,0.8278271853923798,2,0.0,Gujarat
SWARANA KUNTE,0.8272147178649902,2,1.0,Karnataka
KAKATI POND,0.825737714767456,2,0.5,Karnataka
NAGAVARA TANK,0.8244034718064701,17,1.0,Karnataka
"KOMATI KUNTA,  GOPANPALLY (V), SHERILINGAMPALLY (M), RANGA REDDY (D)",0.8216878771781921,1,0.0,Telangana
KANOTA DAM VILLAGE SUMEL TEHSIL-BASSI,0.8206677138805389,4,1.0,Rajasthan
HIMAYAT SAGAR LAKE  R.R.DIST.,0.8189387917518616,1,0.0,Andhra Pradesh
LOTUS POND HAKIMPET (V) SHAIK PET (NEW MANDAL),0.8188774784406027,3,1.0,Telangana
RANGAVALI D/S OF NAVAPUR NANDURBAR,0.8141247630119324,1,0.0,Maharashtra
RAJARHAT - NEW TOWNSHIP,0.8127375245094299,1,1.0,West Bengal
NAKKAVAGU BACHUGUDEM MEDAK,0.8125293850898743,1,1.0,Telangana
MOONSAR LAKE OF VIRAMGAM,0.8113542000452677,3,1.0,Gujarat
PATALGANGA AT SHILPHATA KHOPOLI KHALAPUR RAIGAD,0.8109449148178101,1,0.0,Chhattisgarh
SEA WATER AT MALABAR HILL WALKESHWAR MUMBAI,0.8105494379997253,1,1.0,Maharashtra
YAMUNA AT PALLA WAZIRABAD (DELHI),0.8102499842643738,1,1.0,Uttar Pradesh
DAMANGANGA AT ZERI CAUSEWAY (UT OF DAMAN),0.809138759970665,4,1.0,Daman & Diu
RIVER COOUM AT NAPIER BRIDGE,0.8087805509567261,2,1.0,Tamil Nadu
THANE CREEK AT ELEPHANTA ISLAND ELEPHANTA MUMBAI,0.8082475364208221,4,0.5,Chhattisgarh
DEVARABEESANAHALLI LAKE,0.8070946931838989,1,1.0,Karnataka
YASHWANT SAGAR AT INDORE,0.8035092949867249,2,0.0,Madhya Pradesh
ULHAS CREEK AT GAIMUKH AT NAGLA BUNDER ON GHOD BUNDER ROAD NAGLA THANE,0.8028075695037842,3,1.0,Maharashtra
OLPAD VILLAGE POND:OLPAD SURAT,0.799341008067131,4,0.0,Gujarat
AMEENPUR CHERUVU AMEENPUR (V & M) SANGAREDDY DISTRICT,0.7983378966649374,6,1.0,Telangana
PEDDA CHERUVU,0.7978914380073547,1,1.0,Andhra Pradesh
SEA WATER AT SHIVAJI PARK DADAR CHOUPATHYDADAR MUMBAI,0.797116219997406,2,1.0,Maharashtra
"CHINNA PEDDA CHERUVU, GOPANPALLY(V), SHERILINGAMPALLY(M), RANGA REDDY(D)",0.7963929772377014,1,1.0,Telangana
HINDON AFTER CONFL. WITH R. KRISHNA & KALI NEAR BINAULI TOWN MEERUT U.P.,0.7962777018547058,1,1.0,Uttar Pradesh
SOHNA LAKE,0.793058305978775,4,1.0,Haryana
JALMAHAL JAIPUR RAJASTHAN,0.7915170788764954,3,1.0,Rajasthan
NALSAROVAR LAKE (SANAND) DIST.AHMEDABAD,0.7858852247397105,6,0.8333333333333334,Gujarat
KASAVANAHALLI LAKE,0.7857730984687805,1,1.0,Karnataka
BAHELA AT BADLI VILLAGE,0.7839550971984863,3,1.0,Delhi
PREMAJIPET TANK KATTEDAN RANGAREDDY,0.7825201153755188,3,1.0,Andhra Pradesh
HEBBAL LAKE,0.7819643914699554,2,1.0,Karnataka
GIDC DAHOD DAHOD,0.7818697392940521,2,0.5,Gujarat
BELLANDUR LAKE,0.7816504836082458,1,1.0,Karnataka
VAPI INDUSTRIAL AREA IN D/S VAPI,0.7816464900970459,1,1.0,Gujarat
DAMANGANGA AT KACHIGAON U\S AT GIDC WIER,0.7813591162363688,3,0.0,Gujarat
RAYASANDRA LAKE,0.7796249985694885,1,1.0,Karnataka
NEAR THE PHOSPHATE COMPANY-RISHRA,0.7781994044780731,2,0.5,West Bengal
SEA WATER AT JUHU BEACH JUHUGAON SANTACRUZ MUMBAI,0.7775309085845947,3,1.0,Maharashtra
SABARMATI AT RAILWAY BRIDGE AHMEDABAD,0.7769214908281962,3,0.3333333333333333,Gujarat
OUTLET OF STP DURGAM CHERUVU RANGAREDDY,0.7744422554969788,1,1.0,Andhra Pradesh
RIVER HINDON AT MOHAN NAGAR D/S,0.7744075293126313,23,1.0,Uttar Pradesh
MSW SITE KARAWALATALOJAPANVEL RAIGAD,0.7736175060272217,1,0.0,Chhattisgarh
RIVER GANGA AT D/S (SHUKLAGANJ),0.7729866743087769,5,1.0,Uttar Pradesh
ISNAPUR TANK ISNAPUR (V) PATANCHERU 9M) SANGAREDDY DISTRICT,0.7706321080525717,3,1.0,Telangana
SABARMATI AFTER CONF. WITH MESHWA AT VAUTHA (NEAR DHOKLA),0.769903818766276,3,1.0,Gujarat
"MOTHKULA KUNTA, MACHABOLLARAM(V),ALWAL (M), MEDCHAL MALKAJGIRI(D)",0.7682786583900452,1,1.0,Telangana
BEENNIGANAHALLI TANK,0.7679935097694397,1,1.0,Karnataka
SHEDHI AT KHEDA,0.7671241164207458,2,0.5,Gujarat
RIVER ADYAR AT KOTTURPURAM BRIDGE,0.7647833824157715,2,1.0,Tamil Nadu
HINDON AT GHAZIABAD D/S U.P.,0.7643012574740818,7,1.0,Uttar Pradesh
YELAHANKA TANK,0.7634146809577942,1,1.0,Karnataka
PAWANA RIVER AT SANGAVIGAON HAWELI PUNE.,0.7624887228012085,1,1.0,Maharashtra
PRAGATHINAGAR CHERUVU KUKATPALLY RANGA REDDY,0.7622982263565063,1,1.0,Andhra Pradesh
BULBUL KUNTA LAXMI NAGAR (V) RAJENDRANAGAR,0.7616742849349976,2,1.0,Andhra Pradesh
RIVER HINDON AT MOHAN NAGAR U/S,0.7614504992961884,2,1.0,Uttar Pradesh
SARAKKI LAKE,0.7610347270965576,1,1.0,Karnataka
ARKAVATHI AT T.G. HALLI RESERVOIR ,0.7588143944740295,2,1.0,Karnataka
CAMPUS LAKE ICRISAT,0.7580313682556152,1,0.0,Telangana
"BANDLAGUDA CHERUVU, NAGOLE (V), UPPAL (M), MEDCHAL (D)",0.7575677037239075,1,1.0,Telangana
CHINNA WADDEPALLY TANK WARANGAL,0.7542640566825867,1,1.0,Andhra Pradesh
MACHOHALLI LAKE,0.753928929567337,2,1.0,Karnataka
DARNA RIVER AT BHAGUR PUMPING STATION NEAR PANDHURLI BRIDGE BHAGUR NASHIK,0.7496165633201599,1,1.0,Maharashtra
MASMA KHADI- OLPAD- SARAS ROAD,0.7485277652740479,2,0.5,Gujarat
LINGAM CHERUVU SURARAM (V) QUTHUBULLAPUR,0.7459707856178284,2,1.0,Andhra Pradesh
BHATSA AT D/S OF PISE DAM NEAR PISE VILLAGE (ULHAS) BHIWANDI THANE,0.7456854581832886,1,1.0,Maharashtra
ULHAS CREEK AT VERSOVA BRIDGE VERSOVA VASAI THANE,0.7455572684605917,3,1.0,Maharashtra
RANGADHAMUNI CHERUVU RANGA REDDY,0.7441205382347107,1,1.0,Andhra Pradesh
BARRAKPORE MUNICIPALITY,0.7404649257659912,1,1.0,West Bengal
SEA WATER AT CHARNI ROAD CHOUPATHY GIRGAON MUMBAI,0.7387866973876953,1,1.0,Maharashtra
KUNJBAN AGARTALA TRIPURA,0.7359411716461182,1,1.0,Tripura
DISCHARGE POINT OF DISTILLERY DAMAN,0.7358675797780355,3,0.0,Gujarat
SEA WATER AT VERSOVA BEACH VERSOVA ANDHERI MUMBAI,0.7348128855228424,2,1.0,Maharashtra
ANEKAL DODDAKERE TANK,0.7324380278587341,1,1.0,Karnataka
GANGA AT HOWRAH-SHIVPUR WEST BENGAL,0.7319551375177171,9,0.6666666666666666,West Bengal
SHARANABAWESHWARA KERE TANK,0.7310643792152405,1,1.0,Karnataka
RIVER COOUM AT AMANJIKARAI,0.7307100415229797,5,1.0,Tamil Nadu
GANGA AT GANDHIGHAT NIT AT PATNA,0.7304821372032165,5,0.4,Bihar
LOCO TALAB ) PUMPU TALAB) AT- BARMASIA DHANBAD,0.7304102182388306,2,1.0,Jharkhand
MULA-MUTHA RIVER AT MUNDHAWA BRIDGE MUNTHAWAHAWELI PUNE,0.7286275923252106,2,1.0,Maharashtra
"KUDI KUNTA (GAUTHAMI LAKE), KONDAPUR(V), SHERILINGAMPALLY(M), RANGA REDDY(D)",0.7282331883907318,2,1.0,Telangana
UTTAN SEA UTTAN BHAYANDER THANE,0.7276108264923096,1,1.0,Maharashtra
PATALGANGA RIVER AT VYAL PUMP HOUSE VYAL KHALAPUR RAIGAD,0.7262570261955261,2,0.5,Chhattisgarh
COSSIPORE - NORTH KOLKATA,0.7258185744285583,1,0.0,West Bengal
RAMAMMANA KERE,0.7255724370479584,2,1.0,Karnataka
RIVER HINDON AT GHAZIABAD U/S,0.7242055535316467,2,1.0,Uttar Pradesh
TAPI AT RANDER BRIDGE SURAT,0.721267580986023,5,0.0,Gujarat
VASHI CREEK AT VASHI BRIDGE VASHITHANE,0.720397874712944,4,1.0,Maharashtra
GABHENI VILLAGE SURAT (INDUSTRIAL),0.717933714389801,1,0.0,Gujarat
RIVER SABARMATI AT AHMEDABAD D/S,0.7178396284580231,2,1.0,Gujarat
ARKAVATHI AT HESARAGHATTA RESERVOIR,0.712350994348526,2,1.0,Karnataka
DURGAM CHERUVU,0.7111184597015381,1,1.0,Andhra Pradesh
JAKKUR LAKE,0.7110849618911743,1,1.0,Karnataka
MULLAKATWA CHERUVU JI TECH CITY MADHAPUR,0.7103251814842224,1,1.0,Andhra Pradesh
CHITKUL TANK CHITKUL (V) PATANCHERU (M) SANGAREDDY DISTRICT,0.709247961640358,8,0.875,Telangana
ASANI KUNTA KAJIPALLY MEDAK,0.7077272534370422,2,1.0,Telangana
PULICATE LAKE AT THIRUVALLUR TAMILNADU,0.7053482532501221,2,0.0,Tamil Nadu
RIVER SABARMATI AT AHMEDABAD U/S,0.7042595148086548,1,0.0,Gujarat
SHAHPURA LAKE AT WEIR NEAR AYUSHMAN HOSPITAL BHOPAL,0.702220618724823,1,1.0,Madhya Pradesh
AT VILLAGE NAMDHA VAPI,0.6998363335927328,3,0.3333333333333333,Gujarat
AT ZARI CAUSE WAY BRIDGE DAMAN,0.697508219215605,18,0.2222222222222222,Daman & Diu
RIVER MUSI AT VALIGONDA BRIDGE NALGONDA,0.6957040429115295,2,1.0,Telangana
RED LAKE ICRISAT,0.6949854791164398,4,1.0,Telangana
MAHABOOBSAGAR TANK SANGAREDDY (V & M) SANGAREDDY DISTRICT,0.6943698525428772,9,0.7777777777777778,Telangana
KANHAN RIVER U/S OF M/S VIDHARBHA PAPER MILL SINORA PARSEONI NAGPUR,0.6924944221973419,2,0.5,Maharashtra
RIVER MUSI AT PILLAPALLI,0.6921133697032928,2,1.0,Andhra Pradesh
PAWANA RIVER AT CHINCHWADGAON HAWELI PUNE,0.691505491733551,1,1.0,Maharashtra
ANAS AT DAHOD (KUSHALGARH) DIST. PANCHMAHAL,0.6907427310943604,1,0.0,Gujarat
BHOGAVO RIVER D/S OF SURENDRANAGAR.,0.6900394161542257,3,0.6666666666666666,Gujarat
RIVER YAMUNA AT PALLASONEPAT,0.6897556384404501,3,1.0,Uttar Pradesh
RIVER HINDON AT SARDHANA BUDHANA ROAD VILLAGE BAPARSI MEERUT,0.6886236071586609,1,1.0,Uttar Pradesh
AMBER CHERUVU KUKATPALLY RANGA REDDY,0.6883543848991394,5,1.0,Andhra Pradesh
RANITAL TALAB JABALPUR,0.6882861455281576,3,0.6666666666666666,Madhya Pradesh
DANKUNI (NEAR COAL COMPLEX) WEST BENGAL,0.6880519390106201,1,1.0,West Bengal
DAMANGANGA AT KACHIGAON D\S (DAMAN),0.6867093419035276,12,0.08333333333333333,Daman & Diu
KAJIPALLY TANK KAJIPALLY MEDAK,0.6862943172454834,3,1.0,Telangana
KUNDALIKA RIVER AT DHATAV AT JACKWELL DHATAV ROHA RAIGAD,0.6848349571228027,2,1.0,Chhattisgarh
PATALGANGA RIVER AT SAVROLI BRIDGE KHALAPUR. RAIGAD,0.6834752957026163,3,0.3333333333333333,Chhattisgarh
RIVER GANGA D/S NEAR CREMATION GHAT,0.6826679706573486,3,0.6666666666666666,Uttar Pradesh
"MEDDELA KUNTA, GAJULARAMARAM(V), QUTHBULLAPUR(M), MEDCHAL MALKAJGIRI(D)",0.6821357607841492,1,1.0,Telangana
BASAVANAPURA LAKE,0.6820391416549683,1,1.0,Karnataka
UPPER LAKE AT YATCH CLUB,0.6814960042635599,3,0.6666666666666666,Madhya Pradesh
AGRA CANAL AT VILLAGE MANDKOLA IN NUH DIST.,0.6814370900392532,4,1.0,Haryana
PAWANA RIVER AT KASARWADI HAWELI PUNE,0.6810803711414337,2,1.0,Maharashtra
GOMTI LAKE OPP RANCHODAJI TEMPLE DAKOR KHEDA,0.6804455859320504,7,0.0,Gujarat
"REGULA KUNTA, MIYAPUR (V), SHERILINGAMPALLY (M), RANGA REDDY (D)",0.6786202788352966,1,1.0,Telangana
RIVER MUSI SAMPLE AT RUDRAVELLY BRIDGE,0.6776946187019348,4,1.0,Telangana
GANDIGUDEM TANK  MEDAK DISTRICT,0.6755733887354533,3,1.0,Telangana
RIVER MUSI AT PEERAJADIGUDA,0.6751066744327545,4,1.0,Andhra Pradesh
"YELLAMMA CHERUVU,KUKATPALLY(V&M),  MEDCHAL MALKAJGIRI(D)",0.6744618713855743,2,1.0,Telangana
MOTAPADADAHANU THANE,0.6739054322242737,1,0.0,Maharashtra
PUSHKAR LAKE RAJASTHAN,0.6731638709704081,9,0.8888888888888888,Rajasthan
NIRA RIVER AT D/S OF JUBILANT ORGANOSIS NIMBUT BARAMATIPUNE.,0.6724795699119568,1,1.0,Maharashtra
RAYAM CHERUVU BONTHAPALLY VILLAGE JINNARAM MANDAL SANGAREDDY DISTRICT,0.6716666221618652,1,0.0,Telangana
RIVER VAIGAI AT MADURAI U/S,0.6682536154985428,4,0.0,Tamil Nadu
PANZARA RIVER NEAR PANZARAKAN SSK LTD PANZARA DHULE,0.6656299233436584,1,0.0,Maharashtra
CHENNAI WATERWAYS AT BUCKINGHAM CANAL (ICE HOUSE),0.6649417877197266,1,1.0,Tamil Nadu
KISTAREDDYPET TANK  MEDAK DIST.,0.6631170511245728,3,1.0,Telangana
SUKHNA LAKE CHANDIGARH,0.6621336018045744,12,0.4166666666666667,Chandigarh
MBB COLLEGE LAKE,0.6619820147752762,4,0.0,Tripura
SAKI TANK PATANCHERU RANGA REDDY,0.661834845940272,6,0.6666666666666666,Telangana
PEDDA CHERUVU MADIKONDA,0.6602672537167867,3,0.3333333333333333,Andhra Pradesh
HUNASINA KERE TANK,0.6593997478485107,1,0.0,Karnataka
ANCHAR AT SANGAM,0.6591344326734543,4,0.75,Jammu And Kashmir
KOLAK AT RAILWAY BRIDGE NO. 313 VAPI VALSAD,0.6577853262424469,4,0.0,Gujarat
DIMASAGAR LAKE NORTH GATE,0.6557564437389374,2,0.0,Tripura
GADDAPOTHARAM CHERUVU GADDAPOTHARAM VILLAGE JINNARAM MANDAL SANGAREDDY DIST,0.655102550983429,1,1.0,Andhra Pradesh
MALAV TALAV DHOLKA,0.6535662859678268,4,1.0,Gujarat
DAMODAR NEAR MUJHER MANA VILLAGE AFTER CONF. OF TAMLA NALLAH BURDWANWEST BENGAL,0.6523440480232239,1,0.0,West Bengal
ICRISAT LAKE ICRISAT,0.6493978500366211,2,0.0,Telangana
POONDI LAKE AT THIRUVALLUR TAMILNADU,0.6470464169979095,4,0.25,Tamil Nadu
TAPI RIVER AT ONGC BRIDGE AT SURAT DIST. SURAT,0.6462811082601547,4,0.0,Gujarat
NAVALOORU LAKE,0.6457162499427795,3,1.0,Karnataka
BIBINAGAR TANK,0.6456110179424286,4,0.75,Telangana
JUMAR AT KANKE DAM,0.6455972790718079,1,1.0,Jharkhand
PAWANA RIVER AT RAVET WEIR RAVET HAWELI PUNE,0.6444160342216492,2,0.5,Maharashtra
PATALGANGA RIVER AT D/S OF KHARPADA BRIDGE KHARPADA KHALAPUR RAIGAD,0.6440043896436691,6,0.5,Chhattisgarh
MALLEPALLY TANK MALLEPALLY (V) KONDAPUR (M) SANGAREDDY DISTRICT,0.6439396739006042,3,1.0,Telangana
FOX SAGAR JEEDIMETLA RANGA REDDY,0.6437184611956278,3,1.0,Andhra Pradesh
LAKE KAMUNI ( SHAMSHABAD LAKE),0.6423102989792824,4,1.0,Andhra Pradesh
MUTHANGI TANK MUTHANGI (V) PATANCHERU (M) SANGAREDDY DISTRICT,0.6393146216869354,2,0.5,Telangana
SURISIGAL LAKE ICRISAT,0.6370907068252564,5,0.4,Telangana
RIVER VAIGAI AT MADURAI D/S,0.6362174352010092,3,0.0,Tamil Nadu
DEEPAR BEEL ASSAM,0.6360222697257996,4,1.0,Assam
BUDAMERU CANAL NR BDG AT NH-5 KEESARAPALLY KRISHNA,0.6357641220092773,2,1.0,Andhra Pradesh
PURNA RIVER ON BRIDGE AT SURAT-NAVSARI HIGHWAY,0.635139548778534,5,0.0,Gujarat
TAPI AT SURAT U/S KATHORE,0.6331062515576681,6,0.0,Gujarat
GHOD RIVER AT SHIRUR PUNE,0.6320421099662781,1,1.0,Maharashtra
ULHAS AT U/S OF BADLAPUR KULGAON AMBERNATH THANE,0.6316576600074768,1,1.0,Maharashtra
MEEDI KUNTA (BK ENCLAVE LAKE) MAQTA MAHBOOBPET (MADEENAGUDA),0.6308258559022631,14,1.0,Andhra Pradesh
RIVER YAMUNA AT KHOJIPUR PANIPAT,0.6304599543412527,12,0.6666666666666666,Haryana
KANHAN RIVER D/S OF M/S VIDHARBHA PAPER MILL SINORA PARSEONI NAGPUR,0.6293735504150391,2,1.0,Maharashtra
AT DAMAN JETTY MOTI DAMAN,0.6282317917793989,16,0.25,Daman & Diu
YAMUNA AT OKHLA BRIDGE (INLET OF AGRA CANAL) DELHI,0.6277225423942913,11,1.0,Delhi
PORUR LAKE AT THIRUVALLUR TAMILNADU,0.62736709912618,3,0.3333333333333333,Tamil Nadu
NEKNAMPUR LAKE,0.6270444989204407,1,1.0,Andhra Pradesh
MUTHA RIVER AT DECCAN BRIDGE DECCAN PUNE,0.6268009742101034,3,1.0,Maharashtra
UPPER LAKE AT BHOPAL (INTAKE POINT) M.P.,0.6266504923502604,3,0.3333333333333333,Madhya Pradesh
SHIVAPURA TANK,0.62636399269104,1,1.0,Karnataka
DAMANGANGA AT D/S OF MADHUBAN DAMAN,0.6258508496814303,9,0.0,Gujarat
MEDI KUNTA (WIPRO LAKE) NANAKRAMGUDA,0.6251741647720337,1,1.0,Andhra Pradesh
DARNA RIVER AT MES SITE PUMPING STATION BHAGUR NASHIK,0.6248709758122762,3,1.0,Maharashtra
MANCHANABALE DAM,0.624513566493988,1,1.0,Karnataka
YAMUNA AT SONAULI ROAD SHAMLI BORDER  PANIPAT (HARYANA),0.6243176013231277,2,0.5,Haryana
WESTERN YAMUNA CANAL WC-4 DELHI PARALLEL BRANCH AT PANIPAT,0.6231256425380707,7,0.5714285714285714,Haryana
SUPTAL JABALPUR,0.6224831740061442,3,0.6666666666666666,Madhya Pradesh
VEL RIVER AT SHIKRAPUR SHIRUR PUNE,0.6189596652984619,1,1.0,Maharashtra
HAORA RIVER D/S OF CHANDRAPUR AGARTALA D/S OF TRIPURA,0.6188919146855673,6,0.0,Tripura
U/S OF BINDYADHARI RIVER AT HAROA BRIDGE 24 PARGANAS(N),0.6169669330120087,4,1.0,West Bengal
YAMUNA AT MOHENA PALWAL ROAD HARYANA,0.6163778841495514,5,1.0,Haryana
NOAI CANAL NORTH 24 PARGANAS NEAR GANGA NAGAR MOTIBRIDGE,0.6153752505779266,2,1.0,West Bengal
SON BEEL WATER AT KARIMGANJ,0.6144410073757172,2,0.0,Assam
VAITARNA RIVER NEAR ROAD BRIDGE GANDHARE VILLAGE WADA THANE,0.613792896270752,1,1.0,Maharashtra
"CHAKALAVANI CHERUVU , LINGAMPALLY(V), SHERILINGAMPALLY(M), RANGA REDDY(D)",0.6137195825576782,1,1.0,Telangana
"GOPI CHERUVU, LINGAMPALLY(V), SHERILINGAMPALLY(M), RANGA REDDY(D)",0.6137195825576782,1,1.0,Telangana
YERDANOOR TANK YERDANOOR (V) SANGAREDDY DISTRICT,0.6130742232004801,6,0.6666666666666666,Telangana
WESTERN YAMUNA CANAL C-7 DELHI PARALLEL BRANCH AT KHUBRU FALL RD-145250,0.6099751368165016,12,0.75,Haryana
CAUVERY AT TRICHY GRAND ANAICUT TAMILNADU,0.6076974272727966,1,0.0,Tamil Nadu
MORA-HAJIRA (INDUSTRIAL) HAJIRA,0.6062060594558716,1,1.0,Gujarat
KISTAIPALLY TANK KAZIPET WARANGAL,0.605905294418335,5,0.8,Telangana
VARTHUR LAKE,0.6042035818099976,2,1.0,Karnataka
RUDRARAM TANK RUDRARAM (V)PATANCHERU (M) SANGAREDDY DISTRICT,0.6035835052791395,19,0.5789473684210527,Andhra Pradesh
BHARALU RIVER AT GUWAHATI ASSAM,0.6017751097679138,1,1.0,Assam
KONDAKARLA-AAVA LAKE PARAWADA PHARMA CITY VISHAKHAPATNAM,0.6005634844303132,5,0.2,Andhra Pradesh
WESTERN YAMUNA CANAL-KHUBRU OUTFALL,0.5986980299154917,6,0.5,Haryana
RIWALSAR LAKE,0.5980059504508972,2,0.5,Himachal Pradesh
RIVER ADYAR AT JAFERKHANPET,0.5977216958999634,2,1.0,Tamil Nadu
HANUMANTAL JABALPUR,0.5976828336715698,1,0.0,Madhya Pradesh
PUNPUN AT PUNPUN PATNA,0.5970011055469513,2,1.0,Bihar
TALADANDA CANAL AT BIRIBATI,0.5954589247703552,1,0.0,Odisha
SHAMEERPET LAKE SHAMEERPET RANGA REDDY,0.5951555371284485,1,0.0,Andhra Pradesh
PEDDAKANJARLA TANK PEDDAKANJARIA (V),0.5941027402877808,2,0.0,Telangana
AMBIKA AT BILIMORA,0.5935961405436198,3,0.0,Gujarat
AMLAKHADI CREEK AT PUNGAM.,0.5924883484840393,1,1.0,Gujarat
AMRAVATI AT VILLAGE DADHAL  TA ANKLESHWAR BHARUCH,0.5924164652824402,1,0.0,Gujarat
BHUKHI KHADI D/S OF GIDC VILAYAT TA; VAGRA DIST BHARUCH,0.5903530299663544,5,0.0,Gujarat
RANIBANDH TALAB NEAR ISM DHANBAD,0.5892260471979777,3,1.0,Jharkhand
MANJEERA AT GOWDICHARLA A/C WITH NAKKAVAGU,0.5887829840183259,20,0.15,Telangana
BHUKHI KHADI U/S OF GIDC VILAYAT TA; VAGRA DIST BHARUCH.,0.5884317755699158,2,0.0,Gujarat
TAPI AT KATHORE (NH-8 BRIDGE),0.5883289337158203,5,0.0,Gujarat
BHIMA RIVER AT KOREGAON NEAR KOREGAON BRIDGE SHIRUR PUNE,0.5882315754890441,5,1.0,Maharashtra
PATEL CHERUVU NACHARAM (V) UPPAL (NEW MANDAL),0.5859089493751526,1,1.0,Andhra Pradesh
ULHAS CREEK AT RETI BUNDER D/S OF KALYAN-BHIWANDI BRIDGE KALYANKALYAN THANE,0.5855687260627747,2,1.0,Maharashtra
PATALGANGA NEAR INTAKE OF MIDC W/W TURADE KHALAPUR RAIGAD,0.584083209435145,3,0.3333333333333333,Chhattisgarh
RIVER VARUNA AT RAMESHWAR VARANASI,0.5837813019752502,2,0.5,Uttar Pradesh
PALAR AT VANIYAMBADI WATER SUPPLY HEAD WORK TAMILNADU,0.5836535096168518,1,0.0,Tamil Nadu
GURGAON CANAL GC-1 (NEAR BADARPUR BORDER),0.5833096121038709,7,1.0,Delhi
GOKALPUR TALAB DIST JABALPUR,0.5804934203624725,4,0.5,Madhya Pradesh
PATALGANGA RIVER AT KHALAPUR PUMPING STATION KHALAPUR RAIGAD,0.5775878197617001,9,0.6666666666666666,Chhattisgarh
LAXMINARAYANA CHERUVU AT EDULABAD RANGAREDDY,0.577336589495341,3,0.6666666666666666,Andhra Pradesh
MANJEERA AT GOWDICHARLA B/C WITH NAKKAVAGU,0.5763246119022369,2,0.0,Telangana
MOTICHER LAKE NEAR KAKARPAR ATOMIC POWER STATION DIST. SURAT.,0.5758635742323739,7,0.0,Gujarat
PULICATE LAKE  NELLORE DIST,0.5750425457954407,1,0.0,Andhra Pradesh
PUTTENAHALLI LAKE,0.5735724121332169,6,1.0,Karnataka
R KADAMBAYAR AT MANCKAKADAVU,0.5723057885964712,3,0.6666666666666666,Kerala
R KADAMBAYAR AT BRAHMAPURAM,0.5715000331401825,2,1.0,Kerala
NARMADA AT BHARUCH ZADESHVAR,0.5712377826372782,6,0.16666666666666666,Gujarat
TALADANDA CANAL AT NAUBAZAR CUTTACK CITY,0.5702799558639526,1,0.0,Odisha
NEAR NEWTA DAM JAIPUR RAJASTHAN,0.570065663619475,22,1.0,Rajasthan
SEA WATER AT NARIMAN POINT COLABA MUMBAI,0.5699685513973236,2,1.0,Maharashtra
MANJEERA RIVER - NEAR GANAPATHI SUGARS  MEDAK DIST.,0.5693104267120361,1,0.0,Telangana
GANGA AT KANPUR D/S (JAJMAU PUMPING STATION) U.P,0.5693006217479706,2,1.0,Uttar Pradesh
SURSAGAR LAKE AT BARODA,0.56878462433815,7,0.5714285714285714,Gujarat
KRISHNA AT VIJAYWADA KRISHNA,0.5682383179664612,1,0.0,Andhra Pradesh
KUSHABHADRA AT BHINGARPUR,0.5658692121505737,1,0.0,Odisha
SUNNAM KUNTA JUBILLE HILLS,0.5641382038593292,2,0.5,Andhra Pradesh
CITY LAKE OF NADIAD,0.5622717589139938,2,0.5,Gujarat
CHIKKABANVARA LAKE CHIKKABANWARA BENGALURU NORTH,0.5621190667152405,2,1.0,Karnataka
GHAGGAR AT MUBARAKPUR (PUNJAB),0.5613431930541992,1,1.0,Punjab
WESTERN YAMUNA CANAL C-3 DELHI BRANCH AT R.D.245250,0.5611207038164139,4,0.75,Haryana
GHAGGAR AT U/S DHAKANSU NALLAH PUNJAB,0.5603704154491425,2,1.0,Chandigarh
MALPRABHA AT WATER ABSTR. PT. TO HUBLI DHARWAR,0.5596085786819458,2,0.0,Karnataka
BETWA AT CHARANTIRGHAT VIDISHA,0.5590630769729614,1,0.0,Madhya Pradesh
KHAROON AT RAIPUR U/S CHHATISGARH.,0.5578474998474121,2,0.0,Chhattisgarh
NIRA RIVER AT U/S OF JUBILANT ORGANOSIS NIRA(DATTAGHAT) BARAMATI PUNE,0.5573893785476685,1,1.0,Maharashtra
PATTANDUR AGARAHARA,0.5573862791061401,1,1.0,Karnataka
SABARMATI AT GANDHI NAGAR CHILODA BRIDGE LEKAWADA,0.5559496432542801,2,0.0,Gujarat
SEA WATER AT GATEWAY OF INDIACOLABA MUMBAI,0.5557679335276285,3,1.0,Maharashtra
VISHWAMITRI DOWNSTREAM OF AT KHALIPUR VILLAGE BEFORE MEETING JAMBUVA RIVER,0.5551961064338684,1,1.0,Gujarat
VHERAIMATA TALAV AT ANAND,0.554771234591802,3,1.0,Gujarat
SOMPURA LAKE,0.5546983480453491,1,1.0,Karnataka
RIVER ADYAR AT EKKATTUTHANGAL,0.5526057481765747,3,1.0,Tamil Nadu
YAMUNA AT ASGARPUR VILLAGEU.P,0.5503613948822021,1,1.0,Uttar Pradesh
YAMUNA AT MAZAWALI U.P,0.5495443642139435,6,1.0,Haryana
R PULLUR AT PULLUR BR.,0.5492257277170817,3,0.0,Kerala
R AYROOR AT AYROOR BRIDGE,0.5480247858692618,17,0.35294117647058826,Kerala
SAVTA CREEK SAVTA DAHANU THANE,0.5471749901771545,1,1.0,Maharashtra
DARNA RIVER AT CHEHEDI PUMPING STATION CHEHEDI NASHIK NASHIK,0.546808123588562,1,1.0,Maharashtra
RIVER MAHI AT DODKA,0.546198566754659,6,0.0,Gujarat
BHADRAKALI CHERUVU BHADRAKALI TEMPLE WARANGAL,0.5459133982658386,1,0.0,Andhra Pradesh
BHEEMSANDRA TANK,0.5452309548854828,2,1.0,Karnataka
GANGA AT ALLAHABAD D/S (SANGAM) U.P.,0.5439656019210816,5,0.2,Uttar Pradesh
MAHI AT VASAD,0.5436218033234278,6,0.0,Gujarat
RIVER GANGA AT GHARMUKTESHWAR,0.5430184900760651,2,0.0,Uttar Pradesh
SATLUJ AT U/S BUDHA NALLAH (UPPER) PUNJAB,0.5427272498607636,5,0.0,Punjab
GANGA AT BITHOOR (KANPUR) U.P.,0.541336198647817,6,0.5,Uttar Pradesh
GANGUA AT SAMANTARAPUR,0.5412341952323914,3,1.0,Odisha
MAHI AT SHERKHI BRIDGE,0.5391150712966919,4,0.0,Gujarat
KUKKARAHALLI LAKE,0.538837214310964,3,0.3333333333333333,Karnataka
DAHANU CREEK AT DAHANU FORT DANUGAON DAHANU THANE,0.5361557751893997,2,1.0,Maharashtra
GANGA D/S MIRZAPUR,0.5357905626296997,1,1.0,Uttar Pradesh
AT NAROLI BRIDGE SILVASSA,0.5336482876113483,14,0.0,Dadra And Nagar Haveli
YAMUNA AT AGRA U/S U.P.,0.5315179824829102,2,1.0,Uttar Pradesh
GODAVARI RIVER AT HANUMAN GHAT NASHIK CITY NASHIK,0.5304557681083679,1,1.0,Maharashtra
GILATALI CANAL WEST TRIPURA,0.5303254723548889,1,0.0,Tripura
R ITHIKKARA AT ITHIKKARA,0.5298660770058632,4,0.0,Kerala
WARD'S LAKE AT SHILLONG,0.5291332975029945,4,1.0,Meghalaya
AGRA CANAL MADANPUR KHADAR DELHI,0.5279695391654968,2,1.0,Uttar Pradesh
KAMMGONDANAHALLI LAKE,0.5262011885643005,1,1.0,Karnataka
GODAVARI RIVER NEAR SOMESHWAR TEMPLE SOMESHWAR NASHIK,0.5229787826538086,1,0.0,Maharashtra
INDRAYANI RIVER AT D/S OF MOSHIGAON HAWELI PUNE,0.5223602652549744,1,1.0,Maharashtra
ON SWARNREKHA RIVER AFTER CONFLUENCE OF KHARKAI RIVER,0.5201030323902766,6,0.16666666666666666,Jharkhand
"LAGOON, NEAR UPPALANKA MUDFLATS,MAHALAKSHMI NAGAR, KAKINADA",0.5199921727180481,1,1.0,Andhra Pradesh
PANCHAGANGA U/S OF KOLHAPUR TOWN BALINGA KARVIR KOLHAPUR,0.519952267408371,4,0.0,Maharashtra
MANJEERA AT RAIPALLY,0.5195763111114502,1,0.0,Telangana
MYDALA TANK,0.5194165706634521,1,1.0,Karnataka
KATRI RIVER NEAR BHATINDA FALL AT- TETENGABAD MOONIDIH DHANBAD,0.5185527801513672,1,1.0,Jharkhand
THANE CREEK AT KALWA ROAD BRIDGE KALWA THANE,0.5179484652148353,18,1.0,Maharashtra
RIVER BALASON AT KHAPRAIL MORE,0.5172670483589172,3,0.0,West Bengal
KIM RIVER AT SAHOL BRIDGE OLPAD HANSOT ROAD DIST. SURAT,0.5168882310390472,5,0.0,Gujarat
GANGA AT VARANASI U/S (ASSIGHAT) U.P,0.5154557347297668,5,0.0,Uttar Pradesh
GANGA AT MALSALAMI PATNA,0.513471856713295,4,0.5,Bihar
GANGA AT KADAGHAT ALLAHABAD,0.5128351833139148,7,0.0,Uttar Pradesh
BILAWALI TALAB AT INDORE,0.511999124288559,5,0.0,Madhya Pradesh
RIVER SATLUJ AT PHAGWARA D/S (KANGANIWAL BRIDGE),0.5119384080171585,2,1.0,Punjab
DHANAULA DRAIN FALLING INTO LASSARA DRAIN NEAR VILL. DHUNAS PUNJAB,0.5083876997232437,2,1.0,Punjab
PICHOLA LAKE AT UDAIPUR (WATER INTAKE POINT) RAJASTHAN,0.5040192157030106,4,0.0,Rajasthan
AJWAH LAKE AT SRI SAYAJI SABVAR BARODA,0.5025201737880707,6,0.0,Gujarat
GODAVARI AT PANCHAVATI AT RAMKUNDNASHIK,0.5010851621627808,1,1.0,Maharashtra
SWARNREKHA RIVER NEAR OBERIA ROAD BRIDGE HATIA RANCH,0.5008947253227234,1,1.0,Jharkhand
NARMADA MAIN CANAL NR. VILLAGE. LIMBADIA DIST. GANDHINAGAR.,0.5004507574168119,11,0.0,Gujarat
WAGHUR RIVER AT SAKEGAON BEFORE CONFLUENCE WITH TAPI RIVER JALGAON,0.49998055398464203,2,1.0,Maharashtra
UPPER LAKE AT KARBALA CLUB,0.49847985804080963,18,0.2222222222222222,Madhya Pradesh
D/S OF M/S SURAT BEVERAGES VILLAGE DADRA SILVASSA,0.4980379641056061,1,0.0,Gujarat
MINDHOLA AT STATE HIGHWAY BRIDGE SACHIN,0.49736013015111286,3,0.3333333333333333,Gujarat
R KEECHERI AT VADAKKANCHERY BRIDGE,0.4972367584705353,2,0.0,Kerala
MANCHALAPUR TANK MANCHALAPUR RAICHUR TQ & DIST,0.49679040908813477,1,1.0,Karnataka
NIRA RIVER AT SANGAVI PHALTAN SATARA,0.4953252673149109,1,1.0,Maharashtra
SUBARNAREKHA AT RANCHI (TATISILWAI),0.4946913719177246,5,0.4,Jharkhand
KOMATI CHERUVU SIDDIPET TOWN SIDIPET DISTRICT,0.4929284726579984,6,0.16666666666666666,Telangana
MITHA TALAB DEWAS,0.49170342087745667,1,0.0,Madhya Pradesh
TAMBIRAPARANI AT MURAPPANADU TAMILNADU,0.4897507131099701,1,1.0,Tamil Nadu
PEDHI RIVER NEAR ROAD BRIDGE AT DADHI-PEDHI VILLAGE BHATKULI AMRAVATI,0.48911169171333313,1,1.0,Maharashtra
SAI AT UNNAO AFTER DRAIN OUTFALL U.P.,0.4888985753059387,1,0.0,Uttar Pradesh
DURGABARI POND,0.48714712262153625,4,0.0,Tripura
CONFLUENCE OF SOUTHERN GHAGGAR CANAL SHERANWALI PARALLEL GHAGGAR CANAL AND HISAR GHAGGAR DRAIN,0.48651378353436786,3,1.0,Haryana
SUBARNAREKHA AT NAMKUM ROAD BRIDGE,0.4863783121109009,2,0.0,Jharkhand
DEEPAR BEEL AT BORAGAON NEAR IASST GUWAHATI ASSAM,0.48602530360221863,1,0.0,Assam
NEAR HUDA/ HSVP WATER WORKS BASAI GURUGRAM,0.485623437166214,5,0.0,Haryana
PERIYAR NEAR ALWAYE-ELOOR,0.4850521385669708,1,0.0,Kerala
BHATIAN NALLAH D/S SARA TEXTILE NALAGARH,0.48440998792648315,1,1.0,Himachal Pradesh
SAVITRI RIVER AT SHEDAV DOV MAHAD RAIGAD,0.48369966447353363,4,0.0,Chhattisgarh
BANDAM CHERUVU HANAMKONDA,0.48256535828113556,2,1.0,Andhra Pradesh
DAYA AT GELAPUR,0.4819590598344803,3,0.0,Odisha
R PERUVAMBA AT CHANDAPPURA,0.4815233051776886,3,0.0,Kerala
MANNEVARI KUNTA MACHABOLLARAM (V) ALWAL,0.4813341125845909,4,1.0,Telangana
SAMARPUR JHEEL RAEBARELI,0.4788129727045695,6,1.0,Uttar Pradesh
RIVER YAMUNA AT SHAHPUR,0.47806418538093565,10,1.0,Haryana
ISMAILKHANPET TANK ISMAIKHAPET (V),0.47750647366046906,2,0.0,Telangana
GAWKADAL SRG (SHERGHARI SRG),0.4753671619627211,9,0.1111111111111111,Jammu & Kashmir
SANHIT SAROVAR KURUSHETRA,0.47468805738857817,7,0.5714285714285714,Haryana
GOMTI AT LUCKNOW U/S AT WATER INTAKE POINT U.P.,0.47466256221135456,3,0.6666666666666666,Uttar Pradesh
BETWA NEAR INTAKE POINT VIDISHA M.P,0.4742029309272766,1,0.0,Madhya Pradesh
TAWI AT JAMMU U/S (TAWI BRIDGE ),0.4739715103060007,8,0.0,Jammu And Kashmir
STP AT RAJAHMUNDRY,0.47281232476234436,1,1.0,Andhra Pradesh
HOWRAH RIVER AT ARALIA WEST TRIPURA,0.47271297375361127,6,0.0,Tripura
CENTRAL HOWRAH-RESIDENTAIL AREA,0.47208502888679504,1,1.0,West Bengal
TALADANDA CANAL AT RANIHAT,0.4718175232410431,1,1.0,Odisha
TUIKUM RIVER SERCHHIP,0.47163835167884827,1,0.0,Mizoram
CHATURDASH DEBATA BARI POND,0.47057620286941526,5,0.0,Tripura
KUNDALIKA RIVER AT ARE KHURD ( SALINE ZONE ) AREKHURD ROHA RAIGAD,0.4700533731116189,9,0.6666666666666666,Chhattisgarh
GANGA AT KANNAUJ U/S (RAJGHAT) U.P,0.4694101959466934,4,0.25,Uttar Pradesh
MAHI AT SEVALIA,0.46918638050556183,4,0.0,Gujarat
SARAN BEEL ASSAM,0.468738188346227,3,0.0,Assam
KOLLERU LAKE KOKKIRAYALANKA (V) KAILALUR (M),0.46867584188779193,3,0.3333333333333333,Andhra Pradesh
GANGA AT KURJI PATNA U/S,0.4682663008570671,4,0.0,Bihar
SEETHARAM PALYA LAKE,0.46658197045326233,1,1.0,Karnataka
VISHWAMITRI UPSTREAM AT ASOD BRIDGE AT N.H. 8  NEAR GLDEN CHOKDI ASOD VEMALI ROAD,0.4642044007778168,1,0.0,Gujarat
RIVER TAMRABARANI AT TIRUNELVELI D/S,0.4637488126754761,6,0.0,Tamil Nadu
DAL LAKE AT HAZRATBAL,0.4635077888766925,12,0.6666666666666666,Jammu And Kashmir
AT LAVACHA TEMPLE SILVASSA,0.4632371578897749,7,0.0,Gujarat
RIVER COOUM NEAR CENTRAL JAIL,0.46303629875183105,1,1.0,Tamil Nadu
POND WATER FROM RAMKRISHNA MISSION AT HAILAKANDI,0.46272775530815125,1,0.0,Assam
GANGA U/S ANOOPSHAHAR,0.462129020690918,5,0.0,Uttar Pradesh
DAL LAKE AT SONALANK,0.4603942905863126,12,0.08333333333333333,Jammu And Kashmir
GHAGGAR AT PARWANOO D/SAMRAVATI HARYANA,0.4584128260612488,1,1.0,Haryana
MIRIKH LAKE DARJEELING,0.4583706110715866,2,1.0,West Bengal
DALAVAI LAKE,0.45816177129745483,2,1.0,Karnataka
GAPE- SAGAR LAKE DUNGARPUR RAJASTHAN,0.45811842381954193,2,0.0,Rajasthan
R KARUVANNURR AT KARUVANNUR BRIDGE,0.4574832816918691,3,0.3333333333333333,Kerala
MADHAV LAKE SHIVPURI,0.4571525305509567,6,0.0,Madhya Pradesh
BRAHMSAROVAR LAKE AT KURUKSHETRA,0.4554266211661426,11,0.7272727272727273,Haryana
MUCHARLA NAGARAM CHERUVU WARANGAL,0.45351506769657135,4,1.0,Andhra Pradesh
GODAVARI RIVER AT NANDUR- MADMESHWAR DAM NANDUR NASHIK,0.45087355375289917,2,0.5,Maharashtra
UNTHITHODU AT ELOOR ERNAKULAM,0.44929689541459084,8,1.0,Kerala
RIVER GANGA AT BATHING GHAT (JAJMAU BRIDGE),0.4489069804549217,4,0.75,Uttar Pradesh
KAVERI RIVER ON BRIDGE AT BILLIMORA-VALSAD ROAD,0.447281824690955,7,0.0,Gujarat
GANGA AT PALTA WEST BENGAL,0.44716842969258624,6,0.6666666666666666,West Bengal
RANI TALAB REWA,0.4461714029312134,1,0.0,Madhya Pradesh
LAXMI NARAYAN BARI PALACE COMPOUND TRIPURA,0.44570985436439514,6,0.0,Tripura
GHAGGAR AT 100M D/S CONF. WITH R. SARASWATI (PATIALA) PUNJAB,0.4451429173350334,10,1.0,Haryana
MYNTDU RIVER JOWAI,0.444999635219574,1,0.0,Meghalaya
"KATTAMANCHI CHERUVU, NEAR NEW RTC BUS STAND, CHITTOOR TOWN",0.44441911578178406,1,0.0,Andhra Pradesh
NUGGIKERE TANK,0.44428043564160663,3,1.0,Karnataka
TAMBIRAPARANI AT VELLAKOIL TIRUNELVELI TAMILNADU,0.44318317373593646,3,0.0,Tamil Nadu
YAMUNA AT MANGLAURA KARNAL,0.442623782902956,8,0.5,Haryana
KALINADI AT KANNAUJ (BEFORE CONF.) U.P,0.44234517216682434,1,1.0,Uttar Pradesh
GHAGGAR AT CHANDRAPUR SIPHON (HARYANA),0.4410497844219208,1,1.0,Haryana
MAHI AT MUJPUR,0.438433900475502,6,0.0,Gujarat
DAMANGANGA AT D/S OF GIDC WEIR VAPI,0.43829482793807983,1,0.0,Gujarat
GANGA AT VARANASI D/S (MALVIYA BRIDGE) U.P,0.4368430897593498,4,1.0,Uttar Pradesh
NEHRU NAGAR TALAB BHILAI CHHATISGARH.,0.4367226277078901,7,0.0,Chhattisgarh
HOWRAH RIVER AT JOYNAGAR WEST TRIPURA,0.4366102069616318,2,0.0,Tripura
GANGA AT GULABI GHAT PATNA,0.43560242652893066,5,0.8,Bihar
MUVATTAPUZHA AT VETTIKKATTUMUKKU,0.4355327785015106,5,0.0,Kerala
GANGA D/S ANOOPSHAHAR,0.4336230866611004,8,0.0,Uttar Pradesh
YAMUNA AT MATHURA D/S  U.P.,0.4318997263908386,2,1.0,Uttar Pradesh
BETWA D/S AFTER MIXING OF RIVER BAIS AT VIDISHA,0.4315425455570221,2,0.0,Madhya Pradesh
AMLAKHADI AFTER CONFL. OF W. WATER FROM ANKLESH,0.4297722677389781,3,1.0,Gujarat
MAHI AT UMETA BRIDGE,0.4273366133371989,3,0.3333333333333333,Gujarat
KOLAK AT PATALIA BDG.,0.4265465835730235,3,0.0,Gujarat
NARMADA AT ZANOR (NTPC) BHARUCH,0.4251009935424441,21,0.0,Gujarat
RIVER CHAMBAL AT KESHORAIPATAN U/S NEAR SHRI RAJESHWAR MAHADEV TEMPLE BUNDI,0.42449764907360077,23,0.30434782608695654,Rajasthan
TAPI AT MANDAVI,0.4228723108768463,5,0.0,Gujarat
SATLUJ AT D/S NFL PUNJAB,0.4224525146907376,31,0.06451612903225806,Punjab
DAL LAKE NEAR NISHAT LAM,0.4218257112162454,14,0.9285714285714286,Jammu And Kashmir
MUTHA RIVER AT SANGAM BRIDGE NEAR GANAPATHY GHAT SHIVAJINAGAR PUNE,0.42092832922935486,1,1.0,Maharashtra
ON SWARNREKHA BEFORE MEETING KHARKAI RIVER,0.42091916004816693,6,0.0,Jharkhand
YAMUNA AT ALLAHABAD D/S (BALUA GHAT) U.P,0.4200891703367233,2,0.0,Uttar Pradesh
WADDEPALLY TANK KAZIPET WARANGAL,0.41932227835059166,4,0.0,Andhra Pradesh
YAMUNA AT ETAWAH U.P.,0.4190021753311157,2,1.0,Uttar Pradesh
KRISHNA AT AMARAVATI GUNTUR,0.4178999463717143,3,0.0,Andhra Pradesh
UDAISAGAR LAKE AT UDAIPUR (INTAKE PT.) RAJASTHAN,0.416952649752299,9,0.3333333333333333,Rajasthan
KOSHI RIVER AT KASHIPUR BAJPUR ROAD BRIDGE,0.41515931487083435,1,1.0,Uttar Pradesh
SAI CHERUVU NEAR TANNERY INDUSTRIES DESAIPET WARANGAL,0.4136897226174672,3,1.0,Andhra Pradesh
SAGARPARA DRAIN AT VILL SAGRA DIST PATIALA,0.41360868513584137,2,1.0,Punjab
RIVER SATLUJ AT JALANDHAR U/S (PEERU SHAH KA DARGAH),0.4134330078959465,4,1.0,Punjab
RIVER LOCATIONS AT KUMARAPALAYAM,0.4132729967435201,3,0.0,Tamil Nadu
RAMGARH LAKE U.P.,0.41297727227211,5,1.0,Uttar Pradesh
GHAGGAR NEAR BANKARPUR DERA BASSI PUNJAB,0.41291800886392593,6,1.0,Punjab
JORPUKHURI AT UZANBAZAR (UGRATALA TEMPLE),0.41184504826863605,3,0.0,Assam
VENNA RIVER AT MAHULI SATARA,0.41122281551361084,1,1.0,Maharashtra
LOWER LAKE AT BHOPAL OUTLET M.P.,0.4101640268375999,19,0.8421052631578947,Madhya Pradesh
CHAMBAL AT NAGDA D/S M.P.,0.40966005623340607,2,1.0,Madhya Pradesh
JHELAM AT CHATTABAL WEIR (OUTLET,0.4095035278134876,9,0.2222222222222222,Jammu & Kashmir
SURYA RIVER AT INTAKE OF VASAI-VIRAR W/S SCHEME MASVAN PALGHAR THANE,0.4089437574148178,4,1.0,Maharashtra
RIVER SATLUJ AT BUNGA SAHIB,0.40861882269382477,2,0.0,Punjab
WATER WORKS- GURGAON,0.40849916636943817,6,0.0,Haryana
KHANDARI RESERVOIR WATER OFF TAKE POINT,0.40838457147280377,3,0.0,Madhya Pradesh
GANGA AT KANNAUJ D/S U.P,0.40781189997990924,3,0.6666666666666666,Uttar Pradesh
KUNDALIKA RIVER NEAR SALAV BRIDGE (SALINA ZONE) SALAV ROHA RAIGAD,0.40769919753074646,5,0.6,Chhattisgarh
DHUDHIA TALAV AT NAVSARI DIST. NAVSARI.,0.405983604490757,8,0.0,Haryana
UMIAM LAKE AT OUTFALL OF UMIAM RIVER INTO LAKE,0.4044949412345886,2,1.0,Meghalaya
SAVITRI RIVER AT OVALE VILLAGE OVALE MAHAD RAIGAD,0.4043501296213695,7,0.2857142857142857,Chhattisgarh
CAUVERY AT THIRUMUKKUDAL-CONFL. PT.OF R. AMRAVATI TAMILNADU,0.40352997183799744,4,0.0,Tamil Nadu
GOLAGHATI U/S OF BURIGAON RIVER,0.4020334780216217,3,0.0,Tripura
KUNDALIKA AT ROHA BRIDGE ROHA CITY RAIGAD,0.4019571178489261,9,0.6666666666666666,Chhattisgarh
DAL LAKE AT DHOBIGHAT,0.40102640200744977,11,0.6363636363636364,Jammu & Kashmir
GHAGGAR GH-2 AT CHANDARPUR SYPHEN,0.4010159307056003,9,1.0,Haryana
DAL LAKE AT NISHAT WATER INTAKE POINT OF NISHAT WATER TREATMENT PLANT,0.40082853115521944,13,0.46153846153846156,Jammu And Kashmir
WESTERN YAMUNA CANAL WC-6 SIRSA BRANCH AT RD.BRIDGE JIND KAITHAL ROAD,0.40024206787347794,4,1.0,Haryana
RIVER VARUNA B/C WITH RIVER GANGA AT VARANASI,0.39960074921449024,6,1.0,Uttar Pradesh
MAAHIL POND URAI TEHSIL JALAUN,0.3994516332944234,3,1.0,Uttar Pradesh
KATHJODI AT CUTTACK FD/S AT MATTAGAJPUR,0.39924608170986176,2,0.0,Odisha
RIVER GANGA A/C TAMSA RIVER SIRSA SON BARSA,0.3985533167918523,3,0.0,Uttar Pradesh
CAUVERY AT WATER SUPPLY INTAKE POINT AT T K HALLI,0.3969942629337311,1,0.0,Karnataka
DAMODAR U/S JAMADOBA WATER WORKS,0.3964107632637024,1,0.0,Jharkhand
LAKE RASIKBHEEL AT COOCHBEHAR,0.3947429358959198,2,0.0,West Bengal
RIVER SATLUJ AT PHAGWARA U/S (CHAHERU BRIDGE),0.39451131224632263,2,1.0,Punjab
SERUA AT CUTTACK FD/S (SERUA) AT SANKHATRASA,0.3941240906715393,1,0.0,Odisha
KRISHNA RIVER AT WAI SATARA,0.3938000798225403,2,0.5,Maharashtra
RAMPUR JATTAN MOGINAND NALA BEFORE CONFLUENCE TO RIVER MARKANDA NEAR RADHA SWAMI SATSANG BHAWAN,0.3935755491256714,1,0.0,Himachal Pradesh
CONFLUENCE POINT OF SUKHANA CHOE WITH RIVER GHAGGAR VILL MUBARKPUR,0.3932638721806662,7,1.0,Punjab
VEMBANAD LAKEKOCHI (OIL TANKER JETTY) KERALA,0.39282872080802916,5,0.4,Kerala
CORINGA RIVER (TIDAL LOCK),0.3915637930234273,3,0.6666666666666666,Puducherry
SUBARNAREKHA AT JAMSHEDPUR,0.39080168093953815,7,0.42857142857142855,Jharkhand
DAL LAKE AT NIGEEN WATER INTAKE PT OF POKHRIBAL WATER TREATMENT PLANT,0.390477868643674,11,0.18181818181818182,Jammu & Kashmir
DAL AT ASHAIBAGH BRIDGE,0.3899408837159475,15,0.26666666666666666,Jammu And Kashmir
GHAGGAR AT MUBARAKPUR REST HOUSE (PATIALA) PUNJAB,0.389484241604805,6,1.0,Punjab
VENNA RIVER AT MAHABALESHWAR SATARA,0.38944234631278296,11,0.45454545454545453,Maharashtra
YAMUNA AT SONEPAT,0.3892822861671448,2,0.5,Haryana
RIVER SATLUJ AT ANANDPUR SAHIB,0.38778924610879684,9,0.0,Punjab
ULHAS AT U/S OF NRC BUND AT MOHANE KALYAN THANE,0.3870013654232025,1,1.0,Maharashtra
YAMUNA AT VISHRAMGHAT MATHURA,0.386438125371933,5,1.0,Uttar Pradesh
KICCHA AT PULL BHATTA,0.385924756526947,1,1.0,Uttarakhand
KANAGAN LAKE,0.3857722580432892,5,0.8,Puducherry
SILSAKO BEEL CHACHAL GUWAHATI,0.3853154852986336,4,1.0,Assam
RIVER SIRSA D/S HOUSING BOARD NALLAH,0.38343409697214764,3,0.3333333333333333,Punjab
"UPPALAPADU TANK,UPPALAPADU (V), PEDAKAKANI (M)",0.38225006063779193,3,0.0,Andhra Pradesh
YAMUNA AT BURIYA U/S JAGADHARI MANDOLI HARYANA,0.3819192349910736,4,0.0,Haryana
DAMODAR AT DISHERGARH (WEST BENGAL),0.38112926483154297,1,0.0,West Bengal
SABARMATI AT VILL. MIROLI TALUKA DASCROI AHMEDABAD,0.3810017444193363,4,1.0,Gujarat
YERCAUD LAKE SALEM TAMILNADU,0.3808714846769969,3,0.0,Tamil Nadu
RIVER GANGA AT PALTA SHITALTALA,0.3804543813069661,6,0.6666666666666666,West Bengal
UDHAGAMADALEM LAKE (OOTY) TAMILNADU,0.38041357696056366,2,0.5,Tamil Nadu
GOSTANI RIVER SAMPLE BEFORE CONFLUENCE WITH M/S DELTA PAPER MILL EFFLUENTS VENDRA PALAKODERU (M),0.3800037205219269,1,1.0,Andhra Pradesh
BRAHAMPUTRA AT PANDU ASSAM,0.37995379169782,3,0.0,Assam
IRUMPANAM KERALA,0.37957364320755005,1,0.0,Kerala
PENNAR B/C WITH CHITRAVATHI TADIPATRI UNGANOOR ANANTAPURA,0.3795514702796936,1,0.0,Andhra Pradesh
DIPLAI BEEL AT SILGARA KOKRAJHAR,0.37944014072418214,5,0.0,Assam
KALLAKATTE KERE,0.37939733266830444,1,0.0,Karnataka
DAL LAKE AT ABIKARPORA,0.37932465970516205,10,0.3,Jammu And Kashmir
SANKALAPURAKERE TANK,0.3787405490875244,1,0.0,Karnataka
CHUNT KOL (MAULANA AZAD BRIDGE),0.3779020586184093,7,0.8571428571428571,Jammu & Kashmir
DAL LAKE AT CHAIRCHINARI,0.37725065896908444,12,0.25,Jammu And Kashmir
FATEH SAGAR LAKE AT UDAIPUR INTAKE POINT OF PHED RAJASTHAN,0.37724515423178673,4,0.0,Rajasthan
RIVER MAHI FOREST GUEST HOUSE RAJAPUR MATAJI SHIVGARH RATLAM.,0.37677399317423504,6,0.0,Madhya Pradesh
D/S AFTER MIXING WITH SAGARPARA DRAIN AT VILL RASOULI PATIALA,0.3765952706336975,5,1.0,Punjab
DIMNA LAKE DIMNA,0.3761964850127697,8,0.0,Jharkhand
ELANGABEEL SYSTEM POND (CONNECTED TO R. KOLANG) ASSAM,0.3757151663303375,4,0.0,Assam
YAMUNA AT BATESWAR U.P,0.3745686709880829,1,1.0,Uttar Pradesh
BISHNU PUSKAR PUKHURI OF HAYAGRIB MADHAB TEMPLE HAJO ASSAM,0.37406323850154877,4,0.0,Assam
FULBARI BARRAGE,0.37405991554260254,1,1.0,West Bengal
SAHEBBANDH AT PURULIA,0.3738497346639633,2,1.0,West Bengal
BUDHA NALLAH PUNJAB,0.37373706698417664,1,1.0,Punjab
LAKE VEMBANAD AT PATHIRAMANAL (ALAPPUZHA),0.3730887472629547,3,0.0,Kerala
CHAMBAL AT KOTA D/S (2 KM. FROM CITY) RAJASTHAN,0.3726583689451218,10,0.3,Rajasthan
BARAKAR AT ASANSOL (WATER INTAKE POINT) BURDWANWEST BENGAL,0.3724188730120659,4,0.25,Jharkhand
SEONATH AT JHINGHRI VILLAGE A/C OF SAMODA NALLA CHHATISGARH.,0.3710239595837063,9,0.2222222222222222,Chhattisgarh
CAUVERY RIVER D/S BARACHUKI FALLS SATHEGALA KOLLEGALA,0.3700821101665497,1,0.0,Karnataka
SORU SOLA BEEL PALTAN BAZAR GUWAHATI,0.37005674839019775,1,1.0,Assam
OUTLET OF KTPP ASH POND JOINING TO MORANCHA VAGU CHELPUR GHANPUR,0.36906986435254413,3,0.6666666666666666,Andhra Pradesh
DAMRING RIVER (KRISHNEI RIVER) AT RESUBELPARA,0.3685672879219055,1,0.0,Meghalaya
ANKLESHWAR RESERVOIR AT GIDC ANKLESHWAR AT VALIA ROAD.,0.36853703390806913,8,0.0,Gujarat
KOPTAL LAKE AT WATER SUPPLY INTAKE POINT CHHATARPUR,0.36818836629390717,2,0.0,Madhya Pradesh
BELBONI LAKE NEAR BARJORA BANKURA,0.3681454261144002,3,0.0,West Bengal
SAVITRI RIVER JACKWELL AT UPSA KENDRE NANGALWADI MAHAD RAIGAD,0.36777225509285927,4,0.0,Chhattisgarh
VEMULAWADA TEMPLE KONERU KARIMNAGAR,0.36772263050079346,1,1.0,Telangana
SILISERH LAKE ALWAR RAJASTHAN,0.3660332351922989,5,0.2,Rajasthan
CAUVERY AT BANNUR BRIDGE,0.36568668484687805,1,0.0,Karnataka
PATALGANGA RIVER AT GAGANGIRI MAHARAJ TEMPLE KHOPOLI KHALAPUR RAIGAD,0.3653688132762909,4,0.75,Chhattisgarh
MAHAMAYA MANDIR PUKHURI ASSAM,0.3645920008420944,2,0.0,Assam
BAKHTIYARPUR-TAJPUR BRIDGE ON GANGA ATHMALGOLA PATNA,0.3644890586535136,3,0.0,Bihar
ANCHAR AT CENTRAL SITE,0.3642902211709456,11,0.45454545454545453,Jammu & Kashmir
REDD HILLS AT THIRUVALLUR TAMILNADU,0.36398791273434955,3,0.0,Tamil Nadu
RIVER PERIYAR AT PATHALAM,0.36395710706710815,1,0.0,Kerala
RIVER GHAGGAR U/S BEFORE MIXING WITH SAGARPARA DRAIN AT VILL RASOULI DIST PATIALA,0.36368662118911743,3,1.0,Punjab
KONDAGGIKERE TANK,0.3630981743335724,1,0.0,Karnataka
KHAROON RIVER A/C KHAPRI DRAIN CHHATISGARH.,0.36233581389699665,7,0.0,Chhattisgarh
GARGA RIVER NEAR TELMUCHO BRIDGE,0.36163712044556934,3,1.0,Jharkhand
GODAVARI AT NASIK D/S GADGEBABA MAHARAJ NAGAR NASHIK,0.36110204458236694,1,1.0,Maharashtra
GIDC HALOL PANCHMAHAL,0.36045031249523163,2,1.0,Haryana
SAMARLA KOTA CANAL KAKINADA EAST GODAVARI,0.3601958304643631,2,0.5,Andhra Pradesh
GHAGGAR AT U/S SARDULGARH PUNJAB,0.3600729465484619,5,1.0,Punjab
GANGA AT GARHMUKTESHWAR U.P,0.35979448556900023,5,0.2,Uttar Pradesh
SATHENAHALLIDODDAKERE TANK,0.3588843047618866,1,1.0,Karnataka
VEERANAM LAKE AT CUDDALORE TAMILNADU,0.35837703943252563,3,0.3333333333333333,Tamil Nadu
ANSHUPA LAKE KADALIBARI,0.3581487722694874,4,0.0,Odisha
GANDAK AT KONHARA GHAT VAISHALI,0.35782680511474607,5,0.6,Bihar
RANIGUDA POND,0.3572644740343094,2,0.5,Odisha
DAL LAKE AT SRINAGAR,0.3564064773646268,11,0.09090909090909091,Jammu And Kashmir
BRAMAKUNDA POND WEST TRIPURA,0.3562498152256012,5,0.0,Tripura
HARIKE LAKE D/S FROM CANAL PUNJAB,0.3562192916870117,9,0.2222222222222222,Punjab
TONS AT MADHAVGARH NEAR PHED W/S INTAKE POINT SATNA,0.3557822033762932,2,0.0,Madhya Pradesh
BRAHMPUTRA RIVER NEAR WATER INTAKE POINT AT KACHARIGHAT PANBAZAR GUWAHATI ASSAM,0.3557729323705037,3,0.0,Assam
AMBA RIVER AT D/S OF WAKEN BRIDGE-U/S OF JS PETROCHEMICALS WAKENPHATA ROHA RAIGAD,0.3556592123849051,7,0.42857142857142855,Chhattisgarh
YAMUNA AT HASANPUR,0.355552077293396,2,1.0,Haryana
ANCHAR NEAR LKIMS,0.3552603982388973,8,1.0,Jammu And Kashmir
THANJAVUR,0.3551903963088989,1,1.0,Tamil Nadu
HARIKE LAKE AT HARIKE VILLAGE PUNJAB,0.3550428058952093,8,0.0,Punjab
SWAN AT DHANGLA VILLAGE SANTOSHGARH (PUNJAB),0.3542332053184509,2,0.5,Himachal Pradesh
TAWI AT SURAJPUR CHATHA(10 KM D/S TAWI BRIDGE)BELOW BRIDGE NEAR CHATHA MSW DUMPING SITE J&K,0.35325472553571063,3,0.0,Jammu & Kashmir
DAL LAKE AT HABAK,0.35308562715848285,12,0.9166666666666666,Jammu And Kashmir
OUSTERI LAKE,0.3523396501938502,6,0.16666666666666666,Puducherry
ROON NALLAH NEAR MEERPUR KOTLA GURUDWARA,0.3520042151212692,2,0.0,Himachal Pradesh
HAORA RIVER AT DASHAMIGHAT WEST TRIPURA,0.3518856279551983,4,0.0,Tripura
GANGA AT ULUBERIA  HOWRAHWEST BENGAL,0.351723978916804,3,1.0,West Bengal
SAVITRI RIVER AT MUTHAVALI VILLAGE MAHAD RAIGADH,0.3516400270164013,4,0.0,Chhattisgarh
BADI KA TALAB UDAIPUR,0.351424145201842,6,0.16666666666666666,Rajasthan
CAUVERY AT WATER SUPPLY INTAKE POINT TO SRIRANGAPATNA TOWN,0.35040754576524097,3,0.0,Karnataka
MUNERU B/C WITH KRISHNA NANDIGAMA,0.34967660903930664,1,0.0,Andhra Pradesh
RIVER SIRSA D/S RIVER RATTA,0.34895873814821243,4,0.25,Haryana
GHAGGAR AT KALA AMB D/S MARKANDA,0.3488802526678358,7,1.0,Haryana
SATHYAMANGALA KERE,0.34858500957489014,2,0.0,Karnataka
RIVER GANGA A/C GOMTI RIVER BHUSAULA,0.3476119389136632,3,1.0,Uttar Pradesh
JHELAM AT DALAGATE (INLET) SRINAGAR,0.34756823915701646,13,0.0,Jammu And Kashmir
NARMADA AT CHANDOD,0.34711689651012423,5,0.0,Gujarat
TAWI BELOW TAWI BRIDGE,0.34689941133062047,12,0.0,Jammu & Kashmir
ANGOL MI TANK,0.3459610044956207,4,1.0,Karnataka
KAWAR LAKE BEGUSARAI,0.3456343561410904,4,1.0,Bihar
KACHCHI-DARGAH-BIDUPUR ROAD BRIDGE PATNA,0.3453924134373665,4,0.25,Bihar
RIVER SATLUJ AT PHILLAUR U/S,0.3444046924511592,9,0.3333333333333333,Punjab
DIGHALI PUKHURI GUWAHATI ASSAM,0.3442382290959358,8,0.25,Assam
CAUVERY AT D/S OF KAREKUARA VILLAGE,0.3439294993877411,1,0.0,Karnataka
TAPI AT BHUSAWAL U/S BHUSAWAL RAILWAY COLONY BHUSAWAL JALGAON,0.343407541513443,1,1.0,Maharashtra
CHALAKUDY AT PULICKALKA-DAVU KERALA,0.3432345390319824,1,0.0,Kerala
RIVER SATLUJ AT JALANDHAR D/S (MALSIAN BRIDGE),0.3429754177729289,3,1.0,Punjab
ANCHAR AT SINDH INFLOW,0.3425728942339237,13,0.15384615384615385,Jammu & Kashmir
SUBARNAREKHA AT D/S JAMSHEDPUR (TATA NAGAR),0.3422117680311203,12,0.8333333333333334,Jharkhand
SATLUJ AT 100M D/S BUDHA NALA CONFL. LUDHIANA,0.34216996814523426,7,1.0,Punjab
GALUDIH BARRAGE GALUDIH E.S,0.34110666811466217,6,0.0,Jharkhand
RIVER DAMODAR AT ANDAL D/S BURDWAN,0.3410244077444077,5,0.0,West Bengal
KATAL DIGHI POND,0.3409126214683056,4,0.0,Tripura
GOSTTA NADI- VELPURU CANAL AT HANUMAN TEMPLE DOWNSTREAM OF TANUKU TOWN ATTILI (M),0.3408706337213516,2,0.5,Andhra Pradesh
RIVER DAMODAR AT ASANSOL U/S BURDWAN,0.34079774618148806,5,0.0,West Bengal
WARDHA AT BANGON VILLAGE NEAR PANDHURNA (M.P.),0.3397280275821686,1,0.0,Madhya Pradesh
KOTI CHERUVU HANAMKONDA WARANGAL,0.3392680585384369,1,1.0,Andhra Pradesh
BASSEIN CREEK AT VASAIFORT AT BASSEIN  VASAITHANE,0.3389919698238373,1,1.0,Maharashtra
MANGALA AT PURI U/S MALATIPATPUR,0.33837226033210754,1,0.0,Odisha
ANSHUPA AT SARANDAGARH,0.33833539485931396,1,0.0,Odisha
D/S OF VINDYADHARI RIVER AT MALANCHA BURNING GHAT,0.33802878067773934,17,1.0,West Bengal
JOGULAMBA TEMPLE GADWAL,0.33734870702028275,6,0.0,Telangana
RIVER PERIYAR AT MUPPATHADAM,0.33730436861515045,2,0.0,Kerala
DAL LAKE AT ENTRY POINT OF TALIBAL NALLAH,0.33612045645713806,11,0.2727272727272727,Jammu And Kashmir
KUAKHAI AT BHUBANESWAR D/S,0.3359362483024597,1,1.0,Odisha
TAWI AT BELICHARANA(4KM D/S TAWI BRIDGE),0.3354045046227319,7,0.14285714285714285,Jammu & Kashmir
SUBARNAREKHA AT MURI ROAD BRIDGE,0.33429573476314545,3,0.0,West Bengal
MAHI AT GAMMON BRIDGE BANSWARA(RAJASTHAN),0.3336688280105591,1,1.0,Rajasthan
SATLUJ AT BRIDGE HARIKE AMRITSAR,0.33350183069705963,9,0.0,Punjab
D/S OF ASHWANI KHAND (AFTER CONFLUENCE OF LIFT NALLAH),0.33329740166664124,1,0.0,Himachal Pradesh
GANGA AT SERAMPORE HOOGHLYWEST BENGAL,0.33291809633374214,8,0.5,West Bengal
NEWAJ AT U/S NEAR W/S INTAKE POINT RAJGARH GUNA,0.33126164600253105,4,0.0,Madhya Pradesh
KAGINA D/S OF SEWAGE DISPOSAL POINT,0.3308505415916443,1,1.0,Karnataka
GUMTI AT U/S SOUTH TRIPURA TRIPURA,0.330377921462059,2,0.0,Tripura
R KALLAI AT KALLAI BRIDGE,0.3300844356417656,4,0.25,Kerala
TAMBIRAPARANI AT SIVALAPERI CONFLUENCE POINT OF KUTTRALAM FALLS D/S OF PALAYAMKOTTAI TIRUNELVELI TA,0.32928882810202514,11,0.09090909090909091,Tamil Nadu
GHAGGAR AT D/S SARDULGARH PUNJAB,0.3292795494198799,4,1.0,Punjab
"GACHAKAYALA PORA (LAKE), GACHAKAYALA PORA (V), KATRENIKONA (M)",0.3291560187935829,2,0.5,Andhra Pradesh
R PERIYAR AT PURAPPALLIKAVU,0.32895859082539874,6,0.0,Kerala
YAMUNA AT MATHURA U/S  U.P.,0.3286407142877579,2,1.0,Uttar Pradesh
RUDRASAGAR EAST LAKE TRIPURA,0.32821011543273926,2,0.0,Tripura
DAL LAKE AT DALGATE,0.32818695225498895,11,0.2727272727272727,Jammu And Kashmir
LOKTAK LAKE AT SENDRA,0.32698680957158405,3,1.0,Manipur
RIVER TUNGABHADRA UPSTREAM OF KURNOOL TOWN BEFORE JOINING CITY DOMESTIC SEWAGE AND AFTER M/S RAYALA,0.32611504197120667,16,0.0,Andhra Pradesh
PENNAR A/C WITH PAPAGNI PUSHPAGINI KADAPA,0.3257515951991081,2,0.0,Andhra Pradesh
RIVER GHAGGAR AT D/S OF SURAJPUR,0.32536491254965466,12,1.0,Haryana
VADODARA (INDUSTRIAL-NANDESARI),0.32474127411842346,2,0.5,Gujarat
KODUNGALLOOR KERALA,0.3241853088140488,5,0.0,Kerala
MUTHA RIVER NEAR VEER SAVARKAR BHAVAN PUNE,0.323622594277064,3,1.0,Maharashtra
MAHI AT VIRPUR,0.3224522528740076,13,0.0,Haryana
RENUKA LAKE  35 KM FROM PATNA SAHIB NORTH,0.3220851421356201,1,0.0,Himachal Pradesh
TOP CHANCHI LAKE,0.3218322843313217,2,0.0,Jharkhand
GOTTIGERE LAKE,0.3208166155964136,4,1.0,Karnataka
BEAS AT TALWARA H/W PUNJAB,0.32058635652065276,5,0.0,Himachal Pradesh
"DALI TANK,VEMULADA (V), TEKKALI (M)",0.3195095807313919,2,0.0,Andhra Pradesh
GHAGGAR AT D/S CHHATBIR PUNJAB,0.3193087074905634,8,1.0,Punjab
GHAGGAR AT SIRDULGARH(PUNJAB),0.31911468505859375,1,1.0,Punjab
NEAR ARYA KANYA INTER COLLEGE. JALAUN,0.3184579610824585,1,1.0,Uttar Pradesh
TIHU RIVER (NEAR BRIDGE ALONG NH-31) TIHU NALBARI,0.31794489175081253,2,0.0,Assam
NARMADA AT GARUDESHWAR,0.31790678203105927,2,0.0,Gujarat
ANCHAR AT JENAB SAHAB SOURA,0.3165263533592224,8,1.0,Jammu & Kashmir
BEAS AT D/S JAISINGHPUR,0.3151654899120331,3,0.0,Uttar Pradesh
KHAROON RIVER B/C KHAPRI DRAIN DURG RAIPUR ROAD BRIDGE CHHATISGARH.,0.3148207366466522,4,0.0,Chhattisgarh
KOCHBIHAR LAKE (SAGAR DIGHI) COOCHBEHAR,0.31419849395751953,3,1.0,West Bengal
HOWRAH RIVER AT KALABAGAN WEST TRIPURA,0.3141219526529312,5,0.0,Tripura
R PERIYAR AT KALAMASSERY,0.3141140937805176,1,0.0,Kerala
MANER AT SOMNAPALLI,0.31397348642349243,1,0.0,Andhra Pradesh
MULTAI TANK LAKE AT VILLA. KHARI ON BETUL-AMRAVATI ROAD M.P(.RIVER TAPTI NEAR AMARAWATI ROAD BRIDGE,0.31367700845003127,10,0.1,Madhya Pradesh
RIVER CHAMBAL NEAR CHAMBAL BRIDGE DHOLPUR TO MURENA ROAD NH-3,0.3134507896999518,12,0.0,Rajasthan
ALI SAGAR RESERVIOR PROJECT AREA ALISAGAR (V) YEDAPALLY (M) NIZAMABAD DIST.,0.31314699972669285,6,0.0,Telangana
CAUVERY AT TIRUCHIRAPPALLI U/S TAMILNADU,0.3124522268772125,1,0.0,Tamil Nadu
BOTODRIVA SATRA POND NAGAON ASSAM,0.3124033212661743,1,1.0,Assam
PERIYAR AT SEWAGE DISCHARGE POINT KERALA,0.31226053833961487,1,0.0,Kerala
GANGA AT KACHHLA GHAT ALIGARH,0.31163750163146425,7,0.0,Uttar Pradesh
CHAMBAL AT RAMESHWARGHAT NR. SAWAIMADHOPUR RAJASTHAN,0.3111477164285524,7,0.14285714285714285,Rajasthan
NARMADA AT BEFOR CONFLU. OF RIVER JAMNER VILL. NEMAWAR,0.31112897396087646,1,0.0,Madhya Pradesh
BANER KHAD D/S CHAMUNDA TEMPLE,0.31081822142004967,4,0.0,Himachal Pradesh
TUNGABHADRA AT KURNOOL U/S BHAVAPURAM KURNOOL,0.310551717877388,4,0.0,Andhra Pradesh
MUTHA RIVER AT KHADAKVASLA DAM KHADAKVASLA HAWELI PUNE.,0.3099756985902786,2,0.0,Maharashtra
BURIGAON RIVER AT BISHALGARH WEST TRIPURA,0.30995016992092134,5,0.0,Tripura
RIVER YAMUNA AT ETAWAH D/S,0.3094913363456726,2,1.0,Uttar Pradesh
WESTERN YAMUNA CANAL WC-5 SIRSA BRANCH AT ROAD BRIDGE KARNAL,0.3088897168636322,1,1.0,Haryana
CAUVERY AT PITCHAVARAM TAMILNADU,0.30738867074251175,4,0.0,Tamil Nadu
BEAS AT D/S CHANGARWA VILLAGE (PUNJAB),0.3066141605377197,1,0.0,Punjab
KALI BEIN FALLING INTO RIVER BEAS PUNJAB,0.3063130442585264,7,0.42857142857142855,Punjab
TAWI AT SHETALI LIFTING POINT NAGROTA(5KM U/S TAWI BRIDGE),0.30629464983940125,2,0.0,Jammu & Kashmir
RIVER GOMTI AT SULTANPUR U/S,0.30468825422800505,13,0.9230769230769231,Uttar Pradesh
NANGALBIBRA BRIDGE,0.30436526238918304,2,0.0,Meghalaya
NAKKI LAKE MT. ABU RAJASTHAN,0.30434196690718335,6,0.0,Rajasthan
CHAMBAL AT NAGDA U/S (WATER INTAKE POINT) M.P.,0.30417460203170776,1,0.0,Madhya Pradesh
PADUMPUKHURI TEZPUR ASSAM,0.30417032539844513,2,0.0,Assam
LODHA TALAB BANSWARA- DUNGARPUR ROAD BANSWARA RAJASTHAN,0.30386704206466675,2,0.5,Rajasthan
WATER RESERVIOR AT DELO LAKE DARJELLING,0.302989661693573,1,0.0,West Bengal
OUTLET OF NADIALA DRAIN INTO DHAKANSU NALLAH PUNJAB,0.3026995360851288,1,1.0,Punjab
DAL AT NAYADYAR,0.3026436095436414,12,1.0,Jammu And Kashmir
DAMODAR AT D/S OF IISCO AFTER 3RD OUTFALL AT DHENNA VILLAGE BURDWANWEST BENGAL,0.3025846555829048,6,0.0,West Bengal
BEAS AT MIRTHAL BRIDGE GURDASPUR,0.30248963832855225,10,0.0,Punjab
KATAKHAL CANAL AT KALIKAPUR,0.3020557165145874,1,1.0,Tripura
SURAJ KUND AT GAYA,0.30191878974437714,2,1.0,Bihar
KALPATHI PUZHA AT KALPATHI PALAKKAD,0.30182269811630247,5,0.2,Kerala
MAHI (D/S) CONF WITH R. CHAP (UNDER SAGWARA-SARHI RD. BDG.) RAJASTHAN,0.30178628787398337,10,0.1,Rajasthan
ULHAS RIVER AT JAMBHUL WATER WORKS JAMBHUL AMBERNATH THANE,0.3017512857913971,1,1.0,Maharashtra
DOWNSTREAM OF DHATESHWARI RIVER AT HAILAKANDI,0.30109909176826477,1,0.0,Assam
LYNRIANG RIANG RIVER AT LESHKA,0.30108219385147095,1,1.0,Meghalaya
GANGA AT PATNA D/S (GANGA BRIDGE) GAIGHAT,0.29998042931159336,6,0.16666666666666666,Bihar
RIVER MANERU AT GHATTEPALLI (V) NEAR SUITHANABAD,0.2998860441148281,4,0.75,Telangana
MARKANDA RIVER D/S OF MOGINAND NALA,0.2988073527812958,2,0.0,Himachal Pradesh
BHIMA AT FEROZABAD VILLAGE (D/S),0.29867735505104065,1,0.0,Karnataka
LAWBUAI FISHPOND,0.2979421317577362,6,0.16666666666666666,Mizoram
KUMBAKONAM,0.297300323843956,2,1.0,Tamil Nadu
JURI RIVER AT CHAMTALI,0.2968793772161007,4,0.0,Tripura
R KORAYAR AT KANJIKODE,0.29615291953086853,1,0.0,Kerala
NELA TALAB SECTOR-14 HIRAN MARG UDAIPUR,0.29575719907879827,10,0.9,Rajasthan
ANSHUPA AT BISHNUPUR,0.2956046536564827,4,0.0,Odisha
KSHIPRA AT RAMGHAT AT UJJAIN M.P.,0.2952647457520167,3,1.0,Madhya Pradesh
SHIVNA AT RAMGHAT MANDSAUR,0.2951759025454521,2,0.0,Madhya Pradesh
ON KHARKHAI RIVER BEFORE MEETING SWARNREKHA RIVER,0.2950893104076385,5,1.0,Jharkhand
KRISHNA AT VEDADRI KURNOOL,0.29503345489501953,1,0.0,Andhra Pradesh
RUDRASAGAR WEST LAKE TRIPURA,0.29459689060846966,6,0.0,Tripura
MAHANADI AT CUTTACK FD/S AT GATIRAUTAPATNA,0.29457974433898926,1,0.0,Odisha
DEJLA DEWDA KHARGON,0.2945581078529358,1,1.0,Madhya Pradesh
SATLUJ AT D/S KIRATPUR SAHIB PUNJAB,0.2941444131235282,6,0.0,Punjab
KUAKHAI AT BHUBANESWAR FU/S,0.29352864623069763,1,0.0,Odisha
CHANDRABHAGA U/S OF PANDHARPUR TOWN GURSALE PANDHARPUR SOLAPUR,0.29336050152778625,1,1.0,Maharashtra
MESHWA NEAR RAJASTHAN BORDER AT SAMLAJI,0.2927193343639374,1,0.0,Gujarat
NARMADA AT KOTESHWAR,0.2910400331020355,1,0.0,Madhya Pradesh
HIRAN RIVER AFTER MIXING PARIYAT RIVER NEAR ROAD BRIDGE AT VILL GANIYARI JABALPUR,0.29084909707307816,2,0.5,Madhya Pradesh
SABARMATI AT KHEROJ BRIDGE,0.2903488948941231,4,0.0,Gujarat
TULIA BAGH DRAIN AT VEMULAVADA EAST GODAVARI A.P.,0.2883070409297943,1,1.0,Andhra Pradesh
RIVER GANGA AT FARRUKABAD,0.28817838927110034,3,0.0,Uttar Pradesh
MANJHI KHAD D/S DHARAMSHALA AT CHETRU,0.2872714102268219,1,0.0,Himachal Pradesh
CAUVERY AT WATER SUPPLY INTAKE POINT TO MANDYA TOWN,0.2871711626648903,2,0.0,Karnataka
RIVER MANJEERA AT YEDU PAYALA TEMPLE MEDAK,0.28691774047911167,4,0.0,Telangana
BANGANGA AT D/S SHUKRATAL (BEFORE CONFLUENCE OF LAKSAR DRAIN ),0.2868563234806061,1,1.0,Uttar Pradesh
WAH BLEI AT SHDADDKHAR,0.2863953113555908,1,0.0,Meghalaya
RIVER CHAMBAL AT KESHORAIPATTAN D/S NEAR AMBEDKAR NAGAR BUNDI,0.2863153088837862,8,0.5,Rajasthan
SEA WATER BAY BENGAL UPPADA BEACH ROAD KAKINADA,0.28599049150943756,2,0.0,Andhra Pradesh
KRISHNA CANAL AT HANUMAN NAGAR NEAR SAIBABA TEMPLE ELIRU,0.2859482869505882,10,0.2,Andhra Pradesh
BASANTER D/S(R.H.S.) SAMBA (AT CHAK MANGA GUJJAR,0.2859150767326355,1,0.0,Jammu & Kashmir
ANSHUPA AT SUBARANAPUR,0.2850055396556854,1,0.0,Odisha
PERIYAR AT KWA INTAKE- ALUVA ERNAKULAM,0.28449076786637306,4,0.0,Kerala
GANGA AT ALLAHABAD (RASOOLABAD) U.P.,0.28391125798225403,2,0.0,Uttar Pradesh
RIVER HUNDRI AT JOHARAPURAM(V) NEAR TEMPLE KURNOOL,0.283599391579628,3,0.0,Andhra Pradesh
IFFCO PHOOLPUR ALLAHABAD U.P,0.28267836570739746,1,1.0,Uttar Pradesh
CHENAB AT JAMMU D/S,0.2826366722583771,1,0.0,Jammu & Kashmir
RIVER GOWTHAMI (GODAVARI) GOVALANKA INJARAM (V) NEAR GMC BALAYOGI BRIDGE TALLAREVU (M),0.2823631763458252,1,0.0,Andhra Pradesh
KUSHABHADRA AT NIMAPARA,0.2822745442390442,5,0.0,Odisha
RIVER CAUVERY AT KUMARAPALAYAM U/S,0.2822403411070506,3,0.0,Tamil Nadu
MOTI TALAB AT BALAGHAT,0.2812754102051258,4,0.5,Madhya Pradesh
AT INDUSTRIAL AREA FATEHPUR,0.28108638525009155,1,1.0,Uttar Pradesh
POND AT MAIBAM LOKPACHING,0.28074880157198223,7,0.7142857142857143,Manipur
GODAVARI RIVER AT SAIKHEDA NIPHAD NASHIK,0.28067562977472943,3,1.0,Maharashtra
PILIKULA TANK,0.28067514300346375,1,0.0,Karnataka
KALYANI RIVER AT D/S PANTNAGAR INDUSTRIAL AREA US NAGAR,0.2802051976323128,4,1.0,Uttarakhand
KAUSSHALAYA LAKE PINJORE PANCHKULA,0.27868702337145806,10,1.0,Haryana
BHAVANI AT SIRUMUGAI TAMILNADU,0.27852001786231995,3,0.0,Tamil Nadu
DHELLA RIVER U/S AT KASHIPUR MORADABAD ROAD BRIDGE,0.2783728688955307,2,1.0,Uttar Pradesh
SWAN RIVER AT D/S NANGAL DISTT. UNA,0.2781631151835124,3,0.0,Himachal Pradesh
GOUR RIVER BHOGA DOOR JABALPUR,0.2781408578157425,4,0.0,Madhya Pradesh
MANER AT WARANGAL U/S (RIVER MANERU AT THUMMALA CHERUVU/MADANNAPET),0.2778778076171875,1,0.0,Andhra Pradesh
MAHANANDA AT SILIGURI DARJEELING,0.277577515352856,11,0.18181818181818182,West Bengal
POND AT (PADMANABHA) SREE PADMANABHA SWAMY TEMPLE (TVPM),0.2766840308904648,2,1.0,Kerala
RIVER GIRI D/S LAIGIDHAR TRUST BARU SAHIB,0.27581703662872314,1,0.0,Himachal Pradesh
KATHAJODI AT CUTTACK U/S,0.27545924484729767,3,0.0,Odisha
ASHTHAMUDI LAKE AT QUILON KERALA,0.27511196956038475,4,0.5,Kerala
RAJSAMAND LAKE  RAJSAMAND- POINT NO. 2 RAJSAMAND RAJASTHAN,0.27493487174312276,6,0.0,Rajasthan
BALOL NALLAH NEAR NIT COLLEGE MIRAN SAHIB BEFORE MIXING WITH RIVER TAWI,0.2743590623140335,3,0.6666666666666666,Jammu And Kashmir
KABINI AT CAUSE WAY SATTUR,0.274266853928566,3,0.0,Karnataka
RIVER KRISHNA PAVITHRA SANGAMAM AFTER CONFLUENCE WITH RIVER GODAVARI WATER LBRAHIMPATNAM (M),0.27374784648418427,2,0.0,Andhra Pradesh
RIVER YAMUNA U/S RANBAXY,0.27372164527575177,3,0.0,Himachal Pradesh
BASAVANAHALLIKERE TANK,0.2735312879085541,1,0.0,Karnataka
UMNGI RIVER AT UMPUNG,0.27339424565434456,4,0.0,Meghalaya
SUBARNAREKHA AT HATIA DAM,0.27255818247795105,4,0.0,Jharkhand
BHIMA AT D/S OF BDG. NEAR YADGIR,0.2723119258880615,1,0.0,Karnataka
VAPI WEIR VAPI DAMAN,0.27227412909269333,4,0.0,Gujarat
MANU RIVER AT MANUBAZAR,0.27195701748132706,6,0.16666666666666666,Tripura
TAWI AT 1 KM D/S BELOW STP DISCHARGE POINT AT BHAGWATI NAGAR,0.27175229862332345,10,0.9,Jammu & Kashmir
PERIYAR AT KALADY,0.2714272141456604,2,0.5,Kerala
BHATHIKERE TANK,0.2710663974285126,1,1.0,Karnataka
TAMPADA LAKE AT CHHATRAPUR,0.270896852016449,1,1.0,Odisha
RIVER BALD D/S LANDFILLSITE AT BADDI,0.27051619440317154,2,0.0,Punjab
LAHMUN RIVER PHAIZAU MAMIT,0.2702614665031433,1,0.0,Mizoram
RIVER CAUVERY AT KARUR U/S,0.2694753184914589,4,0.0,Tamil Nadu
RAJSAMAND LAKE  RAJSAMAND- POINT NO. 1 RAJSAMAND RAJASTHAN,0.26902650892734525,5,0.0,Rajasthan
VALAYAM KERALA,0.2689855694770813,1,0.0,Kerala
GOVERDHAN SAGAR UDAIPUR,0.2682590087254842,12,0.25,Rajasthan
TUNGABHADRA AT ULLANUR,0.26815492659807205,2,0.0,Karnataka
GEOKHALI BUNGLOW MIDNAPUR-EAST,0.2673974633216858,1,1.0,West Bengal
RIVER SATLUJ AT LUDHIANA U/S,0.2666081537803014,6,0.0,Punjab
BIDANASHI - TULASIPUR AREA CUTTACK,0.26640504598617554,1,0.0,Odisha
KANOLI CANAL AT ERANJIKKAL KAZHEKODE,0.26628654077649117,4,0.5,Kerala
STP AT LAKKAR GHAT- OXIDATION PONDS UTTARAKHAND,0.26562770042154527,9,0.0,Uttarakhand
SWAN RIVER A/C GARNI KHAD,0.2656244933605194,3,0.0,Himachal Pradesh
RIVER GANGA AT U/S BARAHPUR BINDTOLI,0.26537733525037766,4,0.5,Bihar
TAPI RIVER NEAR BARDOLI (KAPP BRIDGE) BARDOLI,0.264962512999773,4,0.0,Gujarat
NARMADA 500 M.D/S NEAR JAIN MANDER VILLAGE NEMAWAR,0.264317125082016,1,0.0,Madhya Pradesh
RIVER DEO AT SANTIPUR,0.2638879045844078,6,0.0,Tripura
RANIA DRAIN MEETING DISCHARGE OF PHED STP 6 MLD RANIA SIRSA,0.2634381353855133,1,1.0,Haryana
SINCHAL LAKE FOR DARJEELING,0.2632499039173126,1,0.0,West Bengal
RIVER SATLUJ AT LUDHIANA D/S,0.2629097104072571,5,1.0,Punjab
MALINI BEEL NEAR INDUTRIAL AREA AT RAMNAGAR,0.2620927964647611,6,0.16666666666666666,Assam
KOLONG RIVER AT U/S OF ANANDARAM DEKIAL PHUKAN BRIDGE NAGAON ASSAM,0.2615403961390257,4,0.0,Assam
D/S OF MUNNERU RIVER PRAKASH NAGAR KHAMMAM,0.2609679698944092,4,0.5,Telangana
AVALI KERE,0.26080282032489777,2,0.5,Karnataka
WULAR LAKE AT NINGLI NALLAH,0.26052118589480716,6,0.0,Jammu & Kashmir
RAMGANGA AT KANNAUJ (BEFORE CONF.) U.P,0.26035065203905106,2,1.0,Uttar Pradesh
RIVER RATTA BEFORE CONF. TO RIVER SIRSA,0.2603480815887451,1,0.0,Punjab
KURWA DUMKA WATER INTAKE POINT,0.2602275013923645,4,0.0,Jharkhand
TIGHI TALAB AT GAYA,0.2600150505701701,3,1.0,Bihar
GHAGGAR GH-1 AT ROAD BRDG. SIRSA DEBWALI ROAD,0.25962088836563957,9,1.0,Haryana
NEUGAL AT D/S THURAL,0.25956043899059295,5,0.0,Himachal Pradesh
GOMTI AT SITAPUR U/S AT WATER INTAKE U.P.,0.2594771087169647,1,0.0,Uttar Pradesh
KRISHNA AT TINTINI BRIDGE,0.25917769223451614,2,0.0,Karnataka
KICHHA RIVER AT KICHHA U.S. NAGAR,0.2590859855214755,6,0.5,Uttarakhand
MAHADEB DIGHI SOUTH TRIPURA,0.25836032032966616,5,0.0,Tripura
BHAVANI AT U/S OF KALINGARAYAN CANAL (B5) ERODE TAMILNADU,0.2581557567630495,7,0.0,Tamil Nadu
GIRI RIVER D/S CEMENT CORPORATION OF INDIA RAJBAN,0.25774209201335907,2,0.0,Himachal Pradesh
GANDAK AT ROAD BRIDGE U/S HAJIPUR,0.25760531425476074,1,1.0,Bihar
CAUVERY AT URRACHIKOTTAI ERODE TAMILNADU,0.2573989083369573,6,0.0,Tamil Nadu
RIVER GOMTI AT GAUGHAT D/S,0.2571848928928375,1,1.0,Uttar Pradesh
DAMODAR AT DISHERGARH VILL.(NR.BIHAR-WEST BENGAL BORDER)  BURDWANWEST BENGAL,0.25710295140743256,2,1.0,West Bengal
RIVER MECHI AT NEHALJOTE,0.2569276690483093,1,0.0,Bihar
NANDOUR RIVER U/S SITARGANJ INDUSTRIAL AREA US NAGAR,0.2560586842397849,6,1.0,Uttarakhand
MOL KHAD U/S PALAMPU,0.2556215524673462,1,0.0,Himachal Pradesh
RUCCA DAM ON SWARNREKHA RIVER RUCCA RANCHI,0.2542027533054352,3,0.0,Jharkhand
TAWI AT BAGH-E-BAHU LIFTING POINT(1 KM U/S TAWI BRIDGE),0.2541644705666436,9,0.0,Jammu And Kashmir
RIVER AT BORDOWALI HAORA,0.25367623567581177,1,0.0,Tripura
GANGUA AT VADIMULA,0.25358089804649353,3,1.0,Odisha
SATLUJ RIVER B/C WITH RIVER SPITI AT KHAB DISTT.KINNAUR,0.2534239888191223,1,0.0,Himachal Pradesh
CAUVERY AT KOMARAPALAYAM NAMAKAL TAMILNADU,0.25338273743788403,3,0.3333333333333333,Tamil Nadu
GANDAK AT SONEPUR PATNA (B/C GANGA) SARAN,0.2532387673854828,1,0.0,Bihar
GUMTI AT D/S SOUTH TRIPURA TRIPURA,0.2529144622385502,4,0.0,Tripura
JHELUM AT PANTHACHOWK,0.2525374963879585,10,0.1,Jammu & Kashmir
GOLA RIVER AT HALDWANI,0.2519921809434891,4,0.0,Uttarakhand
CAUVERY AT MOHANUR NEAR PATTAIPALAYAM TAMILNADU,0.25159867107868195,4,0.0,Tamil Nadu
KRISHNA AT D/S OF NARAYANPURA DAM,0.2514612674713135,1,0.0,Karnataka
KALYANSAGAR AT MATARBARI SOUTH TRIPURA,0.2514595339695613,3,0.0,Tripura
HOLY POND OF SHIV GANGA JARMUNDI DUMKA,0.25121310353279114,2,0.0,Jharkhand
DEVARAYASAMUDRA LAKE,0.25114962458610535,1,1.0,Karnataka
RSVR AT BHOOTHATHANKETU,0.2511027529835701,2,0.5,Kerala
KSHIPRA AT GAUGHAT UJJAIN,0.2509162724018097,2,0.5,Madhya Pradesh
BEAS AT D/S ALAMPUR,0.25078850984573364,1,0.0,Uttar Pradesh
AMRAVATI AT 1KM D/S FROM EFF.DIS. PT. AT MADHUTHUKKULAM,0.2506328523159027,1,0.0,Tamil Nadu
GODAVARI RIVER AT D/S OF PAITHAN AT PATHEGAON BRIDGE PATHEGAON PAITHAN AURANGABAD,0.25055788999254053,11,0.5454545454545454,Maharashtra
TAMBIRAPARANI AT TIRUNELVELI COLLECTORATE TAMILNADU.,0.2505451987187068,6,0.0,Tamil Nadu
MARKANDA D/S KALA AMB/ BOUNDARY OF HARYANA,0.2505059018731117,2,0.0,Himachal Pradesh
KRISHNA AT THANGADI  MAHABOOBNAGAR DIST.,0.25040942430496216,3,0.3333333333333333,Andhra Pradesh
ELERU CANAL NEAR PHARMA CITY,0.24998658895492554,1,0.0,Andhra Pradesh
CAUVERY AT ERODE NEAR CHIRAPALAYAM TAMILNADU,0.24953417852520943,8,0.0,Tamil Nadu
CHAMBAL AT DHOLPUR M.P,0.2487097302717822,14,0.0,Rajasthan
SATLUJ AT 100 MT. D/S OF PACL NANGAL PUNJAB,0.24763565758864084,9,0.0,Punjab
GOMTI AT VARANASI U.P,0.24754181504249573,3,1.0,Uttar Pradesh
YAMUNA AT PONTA SAHIB (H.P),0.24722833931446075,1,0.0,Himachal Pradesh
R RAMAPURAM AT RAMAPURAM BRIDGE,0.2468884289264679,5,0.0,Kerala
LOCATED ON THE SOUTHERN BANK OF RIVER AMARAVATHI AND DOWNSTREAM SIDE OF KARUR DYEING CLUSTER,0.246347447236379,3,0.0,Tamil Nadu
BANER KHAD U/S CHAMUNDA TEMPLE,0.24609142045180002,3,0.0,Himachal Pradesh
JET SAGAR LAKE BUNDI RAJASTHAN,0.24587409694989523,3,0.3333333333333333,Rajasthan
BHAVANI AT BHAVANI SAGAR TAMILNADU,0.24529428035020828,2,0.0,Tamil Nadu
MAHANADI AT MUNDALI (WATER INTAKE POINT OF BHUBANESWAR CITY),0.2452252060174942,3,0.0,Odisha
SUBARNAREKHA AT CHANDIL BRIDGE,0.24496085196733475,2,0.0,Jharkhand
DAL AT JOGILANKER,0.24459481736024222,12,1.0,Jammu & Kashmir
BEAS AT D/S MANDI,0.24420536309480667,2,0.0,Himachal Pradesh
SIRSA RIVER D/S NALAGARH BRIDGE,0.24368493258953094,1,0.0,Himachal Pradesh
GHATPRABHA AT D/S OF MUDHOL RD. CROSS BDG.,0.2429261952638626,3,0.0,Karnataka
RIVER YAMUNA D/S RANBAXY,0.24227546403805414,12,0.0,Uttarakhand
RIVER CAUVERY AT MAYILADUTHURAI D/S,0.24187488853931427,2,0.0,Tamil Nadu
RIVER BEAS D/S SUJANPUR TIHRA,0.24175597727298737,2,0.0,Uttar Pradesh
SINGRA RIVER (NEAR BRIDGE ALONG NH-37) BOKO KAMRUP (R ),0.24156251549720764,2,0.0,Assam
PEHLAR DAM ON PEHLAR RIVER-INLET OF WATER WORKS PEHLAR VASAI THANE,0.24145200103521347,2,0.5,Maharashtra
RIVER CAUVERY AT ERODE U/S,0.24020133018493653,5,0.0,Tamil Nadu
RIVER DEO AT SUBASH NAGAR,0.24007363989949226,4,0.0,Tripura
ACHANKOVIL AT PANDALAM (NEAR AYYAPPA TEMPLE) PATHANAMTHITTA,0.2398376613855362,1,0.0,Kerala
RIVER GIRI U/S CHAILLA,0.23920127749443054,1,0.0,Himachal Pradesh
DHARMASAGAR TANK NEAR WARANGAL,0.2386615127325058,2,0.0,Andhra Pradesh
BSIRHAT MUNICIPALITY,0.23856762051582336,1,0.0,West Bengal
WATER INTAKE POINT FOR BANKURA TOWN ON RIVER DWARAKESHWAR BANKURA,0.2384657859802246,1,1.0,West Bengal
GODAVARI AT MANCHERIAL,0.238218292593956,3,0.0,Telangana
PUMLEN LAKE AT TOKPACHING,0.23814915617307028,3,1.0,Manipur
NARMADA AT NEMAWAR,0.23742644488811493,1,0.0,Madhya Pradesh
KOEL AT MANOHARPUR AFTER MEETING KOINA RIVER D/S JHARKAND,0.23736409346262613,3,0.0,Jharkhand
MARKANDA RIVER AT PAONTA DISTT. SIRMOUR,0.23719821870326996,2,0.0,Himachal Pradesh
DAMDIAI STREAM AIRFIELD AFTER DUMPING GROUND,0.2368590235710144,2,0.0,Mizoram
MER BEEL AT MADHABPUR ASSAM,0.23601750284433365,2,0.0,Assam
ARPA RIVER D/S OF BILASPUR CHHATISGARH.,0.2357612500588099,9,0.0,Chhattisgarh
KHAROON RIVER BUNDRI RAIPUR CHHATISGARH.,0.235596913844347,4,0.0,Chhattisgarh
TAWI BAGHWATI NAGAR (2KM D/S TAWI BRIDGE,0.23511949554085732,8,0.75,Jammu And Kashmir
BEAS AT U/S PATHANKOT PUNJAB,0.23499611765146255,6,0.0,Himachal Pradesh
GOVINDGARH LAKE,0.2345990240573883,1,0.0,Madhya Pradesh
KILLING RIVER IN MORIGAON DISTRICT,0.23451830446720123,1,0.0,Assam
SUKETI KHAD AT D/S MANDI,0.23416575292746225,3,0.0,Himachal Pradesh
DAMODAR AT RAMGARH ROAD BRIDGE,0.23315076529979706,2,0.0,Jharkhand
SUBARNAREKHA AT GATALSUD DAM,0.2331108045246866,9,0.0,Jharkhand
BEAS U/S GOINDWAL PUNJAB,0.23287334889173508,10,0.0,Punjab
BOR BEEL AT JAKAI. ASSAM,0.23254574835300446,2,0.0,Assam
TRIBENI ON GANGA NEAR BURNING GHAT HOOGHLY,0.23238864168524742,4,0.75,West Bengal
SHIMSHA AT D/S OF BRIDGE HALAGUR,0.23227492719888687,2,0.0,Karnataka
JHELUM RIVER AT PAMPORE,0.23163274427254996,12,0.0,Jammu & Kashmir
POND AT NGAIRANGBAM,0.23147161304950714,6,0.6666666666666666,Manipur
SIKANDRAPUR MUZAFFARPUR,0.23058064778645834,3,1.0,Bihar
PERIAT TANK NEAR WSS INTAKE POINT JABALPUR,0.23040178418159485,1,0.0,Madhya Pradesh
RUSHIKULYA AT GANJAM U/S (NEAR BABA TOLEKESWAR TEMPLE KARAPADA) MADHOPUR,0.2298736721277237,1,0.0,Odisha
D/S KHAIRIAN SOLID WASTE DUMPING SITE BILASPUR,0.22982592667852128,7,0.0,Chhattisgarh
CHURNI MAJHADIA NADIA,0.22961574271321297,10,0.9,West Bengal
GOVIND SAGAR U.P,0.22958381474018097,3,0.6666666666666666,Uttar Pradesh
KABINI AT WATER SUPPLY INTAKE POINT TO T. NARASIPURA,0.2289695292711258,1,0.0,Karnataka
GANGA AT SULTANPUR (UTTARAKHAND),0.22895988821983337,3,0.6666666666666666,Uttarakhand
ARASALAR RIVER KARAIKAL REGION,0.22783508524298668,10,0.3,Puducherry
KARIYARI U/S BEFORE MIXING WITH WASTE WATER OF M/S J.P. CEMENT  REWA,0.22756874561309814,1,0.0,Madhya Pradesh
KELEGERE TANK,0.2274572104215622,1,1.0,Karnataka
PAMBA AT THAKAZHY KERALA,0.22676782310009003,1,1.0,Kerala
SUBARNAREKHA AT CHANDIL DAM,0.22609463085730871,6,0.0,Jharkhand
BHUTANALA LAKE,0.22595834732055664,1,1.0,Karnataka
NAGCHUN TALAB AT KHANDWA,0.22573206573724747,2,0.0,Madhya Pradesh
M. KALIAPPAN SANGILIMUNIYAPPAN KOVIL ERIKKADU METTUR,0.2254457026720047,2,0.0,Tamil Nadu
HULLIGE TANK,0.22411687672138214,1,1.0,Karnataka
PURI CANAL AT CHANDANPUR,0.22388717532157898,1,0.0,Odisha
TUNGABHADRA AT D/S OF GANGAWATHI,0.22364386916160583,1,0.0,Karnataka
R PUZHACKAL AT PUZHACKAL BRIDGE,0.22363602072000505,5,0.2,Kerala
CHALIYAR AT KOOLIMADU,0.22222879653175673,12,0.0,Kerala
KHOWAI RIVER AT CHAKMAGHAT WEST TRIPURA,0.22163793817162514,4,0.0,Tripura
CAUVERY AT MAYILADUTHURAI NAGAPATTINAM TAMILNADU,0.22118622064590454,1,0.0,Tamil Nadu
VASHISTI RIVER AT D/S OF THREE M PAPER MILLS NEAR CHIPLUN WATER INTAKE JACKWELL KHERDICHIPLUN RATNA,0.22083888202905655,3,0.0,Maharashtra
UPPUTERU BEFORE CONFLUENCE WITH SEA AT CHINAGOLLAPALEM VILLAGE KRUTHIVENNU (M),0.219239741563797,1,0.0,Andhra Pradesh
MANIMALA AT KALLOOPARA KERALA,0.2190667688846588,2,0.5,Kerala
RIHAND AT RENUKUT U/S U.P.,0.21869458258152008,1,0.0,Uttar Pradesh
MEENACHIL AT KIDANGOOR KERALA,0.21865210682153702,3,0.0,Kerala
BEAS AT U/S MANALI,0.21809153258800507,2,0.0,Himachal Pradesh
GAUTAMI-GODAVARI RIVER NEAR ADAVIPOLAM,0.21765220165252686,3,0.3333333333333333,Puducherry
GANGA AT ARA- CHAPRA ROAD BRIDGE (KOILWER BANURA-CHAPRA ROAD),0.2172456458210945,2,0.5,Bihar
WESTERN YAMUNA CANAL WC-2 (NEAR KARNA LAKE)G.T.ROAD KARNAL,0.21717601716518403,5,1.0,Haryana
GANGA AT NARORA (BULANDSAHAR) U.P.,0.2169031910598278,4,0.0,Uttar Pradesh
RIVER RAVI U/S STP BARGA (CHAMBA),0.21670041978359222,3,0.0,Himachal Pradesh
SINDH RIVER AT RANGIL SRINAGAR,0.21668143299492923,11,0.0,Jammu And Kashmir
YAMUNA AT KALANAUR YAMUNA NAGAR,0.21655625402927398,10,0.4,Haryana
PENGANGA RIVER D/S OF ISAPUR DAM ISAPUR PUSAD YAVATMAL,0.21632955968379974,1,1.0,Maharashtra
BETWA BEFORE CONF. YAMUNA AT HAMIRPUR U.P.,0.21612519025802612,3,1.0,Uttar Pradesh
CHELIKHOLA D/S OF BURIGAON BURIGAON RIVER,0.21594306826591492,2,0.0,Tripura
SATLUJ AT D/S EAST BEIN PUNJAB,0.2156376652419567,8,1.0,Punjab
MORA BHARALI AT TEZPUR ASSAM,0.21539006878932318,3,0.0,Assam
OPENWELL AT NAGA CEMETERY DIMAPUR,0.2151397243142128,2,0.5,Nagaland
LOCATED ADJACENT TO KARU MSW DUMP SITE AND ON THE NORTHERN BANK OF RIVER AMARAVATHI AND DOWNSTREAM ,0.21496417373418808,4,0.0,Tamil Nadu
GOBINDSAGAR LAKE AT BILASPUR,0.21496328367636755,13,0.0,Chhattisgarh
(MANSAR LAKE AT MID POINT(SURINSAR LAKE) J&K,0.21492691803723574,8,1.0,Jammu And Kashmir
BORSOLA BEEL SARABBHATTI GUWAHATI,0.21481556445360184,2,1.0,Assam
BAROI RIVER NEAR BRIDGE AT NH-52 BISWANATH DISTRICT,0.21468550860881805,5,0.0,Assam
MAHANADI AT U/S OF RAJIM CHHATISGARH.,0.2144970806936423,6,0.0,Chhattisgarh
R KUPPAM AT RAYAROM,0.21444889406363168,3,0.0,Kerala
ASHWANI AT U/S YASHWANT NAGAR,0.2144046649336815,2,0.0,Himachal Pradesh
NARMADA NEAR SOURCE AT AMARKANTAK M.P.,0.21436971053481102,2,0.0,Madhya Pradesh
BHAVANI AT D/S OF KALINGARAYAN CANAL (B10) ERODE TAMILNADU,0.2142384983599186,4,0.0,Tamil Nadu
SWAN RIVER U/S UNA TOWN GHALLUWAL BRIDGE,0.21402393653988838,4,0.0,Himachal Pradesh
WESTERN YAMUNA CANAL AT TAJEWALA,0.21390667309363684,6,0.8333333333333334,Haryana
TIAU RIVER CHAMPHAI,0.21334218978881836,1,0.0,Mizoram
NARMADA S.N. 44 NEAE ROAD BRIDGE NEAR JHILKOLI NARSINGPUR,0.2131718322634697,2,0.0,Madhya Pradesh
RIVER GODAVARI KOUNDINYA MUKTHI (V) KUKUNUR (M) BORDER POINT BETWEEN ANDHRA PRADESH & TELANGANA STA,0.21256789565086365,2,0.0,Telangana
HARMU RIVER BEFORE METTING TO SWARNREKHA RIVER,0.21215078234672546,1,1.0,Jharkhand
RUSHIKULYA AT GANJAM D/S (NEAR POTTAGARH PORT),0.21208428591489792,3,0.0,Odisha
DAL SAGAR TALAB DIST SEONI,0.21147170662879944,1,1.0,Madhya Pradesh
JAGANNATH SAGAR POND OF JEYPORE,0.2114222894112269,3,0.3333333333333333,Odisha
R SHRIYA AT ANGADIMOGARU,0.2113511860370636,1,0.0,Kerala
R BHARATHAPUZHA AT KUTTIPPURAM,0.21081234514713287,4,0.0,Kerala
DAMODAR RIVER NEAR ROHINI PROJECT NK AREA PO-DAKRA RANCHI,0.21074019372463226,2,0.0,Jharkhand
BADASANKHA NADI NEAR LANGALESWAR,0.21071006854375204,3,0.0,Odisha
RIVER BEAS U/S NADAUM TOWN,0.21043225129445395,3,0.0,Uttar Pradesh
WARDHA AT RAJURA BRIDGERAJURA CHANDRAPUR CHANDRAPUR,0.20997780561447144,1,1.0,Maharashtra
CHAMBAL AT KOTA U/S (INTAKE PT. NEAR BARRAGE) RAJASTHAN,0.20987660810351372,4,0.0,Rajasthan
SINDH RIVER AT WAIL BRIDGE,0.20980191396342385,9,0.0,Jammu & Kashmir
LAKNAVARAM CHERUVU MULUGU (V),0.2097696840763092,5,0.0,Andhra Pradesh
BURADIA RIVER (NEAR BRIDGE ALONG NH-31) NALBARI,0.20972394943237305,1,0.0,Assam
COLLING WATER BLOWDOWNS FROM ANDHRA SUGARS LTD TANUKU BEFORE JOINING RIVER GODAVARI,0.20923489332199097,2,0.0,Andhra Pradesh
RIVER CAUVERY AT PALLIPALAYAM D/S,0.209070086479187,1,0.0,Tamil Nadu
KUAKHAI AT BHUBANESWAR U/S,0.20848344266414642,1,0.0,Odisha
SATLUJ AT NANGAL (H.P.),0.20845459401607513,1,0.0,Punjab
BANGLA FISHERY DIMAPUR,0.20837322855368257,16,0.3125,Nagaland
CHALIYAR AT CHUNGAPALLY,0.20810240507125854,3,0.0,Kerala
BARNADI RIVER NEAR BRIDGE NH-52 DUMUNICHOWKI KAMRUP (R ),0.20782289281487465,2,0.0,Assam
RASULPUR RIVER AT RASULPUR GHAT,0.20774687454104424,2,1.0,West Bengal
RIVER RAVI D/S STP BHAGOT (CHAMBA),0.2076404094696045,1,0.0,Himachal Pradesh
TASEK LAKE AT SONGSAK (NAPHAK),0.20757656916975975,8,0.0,Meghalaya
GODAVARI AT BASER(BANGALORE),0.20747539401054382,1,0.0,Telangana
TUNGABHADRA AT HARIHAR WATER SUPPLY INTAKE,0.20728216071923575,3,0.6666666666666666,Karnataka
CAUVERY AT COLEROON TAMILNADU,0.20723444720109305,3,0.3333333333333333,Tamil Nadu
WAINGANGA D/S OF GAURAV PAPER MILLS NEAR JACKWELL BRAMHPURI CHANDRAPUR,0.206991841395696,3,1.0,Maharashtra
RIVER TIRTHAN B/C TO RIVER SATLUJ,0.2068299651145935,1,0.0,Himachal Pradesh
SARSA AT BADDI  GHANOLI VILLAGE) PUNJAB,0.20666706562042236,1,1.0,Punjab
RIVER VASISHTA (GODAVARI) DOWNSTREAM OF NARASAPURAM TOWN AFTER CONFLUENCE OF TOWN SEWAGE,0.20663375655810037,3,0.3333333333333333,Andhra Pradesh
KRISHNA AT KURUNDWAD SHIROL KOLHAPUR,0.20661644637584686,1,0.0,Maharashtra
VASHISTI RIVER AT U/S OF THREE M PAPER MILLS NEAR M/S MULTIFILMS PLASTIC PVT. LTD. AT KHERDI CHIPLU,0.2059524655342102,2,0.0,Maharashtra
SATLUJ AT NOORPUR BEDI ROAD (PUNJAB),0.20583558827638626,2,0.5,Punjab
SATLUJ AT 100M D/S  NANGAL,0.205398061058738,11,0.0,Punjab
SEA WATER BAY OF BENGAL FISHING HARBOUR NIZAMPATNAM,0.2049519121646881,1,0.0,Andhra Pradesh
BEAS AT 1KM.D/S OF EFFL. DISH. POINT AT MUKERIAN  PUNJAB,0.20437251457146235,7,0.0,Punjab
POND AT KONGBA BAZAR,0.20411193557083607,4,0.75,Manipur
GHAGGAR AT MOONAK PUNJAB,0.20380917936563492,5,1.0,Punjab
NARMADA AT HANUWANTIA DIST. KHANDWA,0.20373958647251128,5,0.0,Madhya Pradesh
SUBARNAREKHA AT RAJGHAT (THENGUDIA),0.20275557041168213,1,0.0,Odisha
YAMUNA AT HANUMANCHATTI,0.202567920088768,1,0.0,Uttarakhand
RIVER GANGA AT HAR-KI-PAURI GHAT,0.20247808750718832,16,0.0,Uttarakhand
D/S OF RUPNARAYAN AT KOLAGHAT NEAR KOLAGHAT RAIL BRIDGE NO.3MEDINIPORE?,0.20193884521722794,2,0.5,West Bengal
UPPER GANGA CANAL AT LAL TA RAO BRIDGE HARIDWAR,0.20191964682410746,17,0.058823529411764705,Uttarakhand
BATTA BEFORE CONFLUENCE TO YAMUNA,0.20163079847892126,3,0.0,Himachal Pradesh
GODAVARI AT BHADRACHALAM D/S BATHING GHAT KHAMMAM,0.2016119882464409,2,0.5,Telangana
BHEEMTAL LAKE,0.20140418509642283,15,0.0,Uttarakhand
RAPTI AFTER CONFL. OF R. HONIN NR. DOMINGARH RLY BRIDGE GORAKHPUR U.P.,0.20118579268455505,4,1.0,Uttar Pradesh
PATIALA KI RAO CHANDIGARH,0.20107095688581467,2,1.0,Chandigarh
KARAKAVAGU U/S AT PALONCHA KHAMMAM,0.20101614048083624,3,0.3333333333333333,Andhra Pradesh
DHANSIRI AT NAGALAND-ASSAM BORDER DIMAPUR,0.19950556755065918,1,1.0,Assam
WAINGANGA RIVER D/S OF ELLORA PAPER MILL TUMSAR TUMSAR BHANDARA,0.19898846745491028,1,1.0,Maharashtra
NANDOUR RIVER D/S SITARGANJ INDUSTRIAL AREA US NAGAR,0.19867775589227676,2,1.0,Uttarakhand
BRAHMAPUTRA RIVER AT CHANDRAPUR GUWAHATI ASSAM,0.1986546888947487,2,0.0,Assam
BEAS U/S MANDI,0.19848452415317297,24,0.0,Himachal Pradesh
U/S KHAIRIAN SOLID WASTE DUMPING SITE BILASPUR,0.19843300698058947,14,0.0,Chhattisgarh
"NAUPADA SWAMPS, MEGHAVARAM (V), SANTHABOMMALI (M)",0.19837331771850586,1,0.0,Andhra Pradesh
SEA WATER BAY OF BENGAL NEAR KUMBHABHISHEKAM TEMPALE KAKINADA,0.19723112881183624,2,0.0,Andhra Pradesh
CHAND DUBI BEEL CHAND DUBI ASSAM,0.19693626463413239,3,0.0,Assam
GIRI AT D/S YASHWANT NAGAR,0.19667597115039825,4,0.0,Himachal Pradesh
BHELLA RIVER U/S KASHIPUR,0.19630624651908873,5,0.8,Uttarakhand
BEAS RIVER NR VILL KIRI AFGHANA TEHSIL BATALA GURDASPUR,0.19620147719979286,4,0.0,Punjab
JAIPAL PUKHURI SIPAJHAR ASSAM,0.1961482713619868,3,0.3333333333333333,Assam
GANGA RIVER AFTER CONFLUENCE OF RIVER SONG NEAR SATYANARAYAN TEMPLE D/S RAIWALA DEHRADUN,0.1957666017115116,14,0.0,Uttarakhand
RIVER GANGA U/S HARIDWAR AT ABINDUGHAT DUDHIYABAD HARIDWAR,0.19561782053538732,7,0.0,Uttarakhand
GOPHUR TANK GOPHUR ASSAM,0.19553272053599358,4,0.25,Assam
NORTH KOEL U/S DALTANGANJ,0.19549126426378885,3,0.0,Jharkhand
BEAS AT HARIKE PUNJAB,0.1954900547862053,2,0.0,Punjab
RAMGANGA AT D/S SHERKOT KALAGARH (U.P.),0.19539128243923187,1,1.0,Uttar Pradesh
KAGINA AT SHAHABAD BRIDGE,0.19529502342144647,15,0.06666666666666667,Karnataka
CAUVERY AT 1KM. D/S OF BHAVANI RIVER CONFL. TAMILNADU,0.1952738881111145,5,0.0,Tamil Nadu
UPPER GANGA CANAL D/S HARIKIPAURI HARIDWAR,0.1952446569999059,15,0.0,Uttarakhand
RIVER BEAS D/S NADAUN TOWN AFTER CONFLUENCE OF MAAN KHAD,0.19520418345928192,2,0.0,Uttar Pradesh
GANGA AT RISHIKESH U/S,0.1950840893037179,17,0.0,Uttarakhand
SINDH RIVER AT DUDERHAMA,0.1942267654971643,11,0.0,Jammu & Kashmir
RIVER SAL PAZORKHONI CUNCOLIM(NEAR CULVERT MARGAO- CANACONA NATIONAL HIGHWAY),0.19375361502170563,1,1.0,Goa
GIRI D/S SATAUN,0.19370144791901112,4,0.0,Himachal Pradesh
RATNACHIRA NAADI AT KUMARADIHI,0.19252421706914902,2,0.0,Odisha
MASITAWALA HEAD HANUMANGARH,0.19244318987642015,7,0.0,Rajasthan
GODAVARI AT RAJAMUNDRY D/S OF NALLA CHANNEL EAST GODAVARI DISTRICT,0.19242621958255768,2,0.0,Andhra Pradesh
ALAPPUZHA KERALA,0.19228189974091947,16,0.5625,Kerala
RAVI AT MADHOPUR (PUNJAB),0.19209587574005127,1,0.0,Punjab
SDO OFFICE AT BISHNUPUR TOWN,0.19153007119894028,2,1.0,West Bengal
RIVER VASISHTA (GODAVARI) UPSTREAM OF NARASAPURAM TOWN BEFORE CONFLUENCE OF TOWN SEWAGE,0.19125530123710632,4,0.0,Andhra Pradesh
BARAGRAM NALLAH BEFORE CONFLUENCE TO RIVER BEAS,0.1905418336391449,3,0.0,Himachal Pradesh
GAUTAMI-GODAVARI RIVER NEAR BALAYOGI BRIDGE,0.190434696773688,3,0.0,Puducherry
CAUVERY AT VAIRAPALAYAM NAMAKAL TAMILNADU,0.19032707810401917,2,0.0,Tamil Nadu
BRAHMPUTRA RIVER AT SUALKUCHI DIST. KAMRUP ASSAM,0.19015425443649292,3,0.0,Assam
R MANJESWARAM AT BAJRAKKARA BR.,0.18984253257513045,5,0.0,Kerala
UMKHEN RIVER AT WAH KDAIT,0.18975840508937836,2,0.0,Meghalaya
JHELUM RIVER AT VERINAG,0.18975284695625305,1,0.0,Jammu & Kashmir
HARBORA RIVER AT NARKATIAGANJ WEST CHAMPARAN,0.18950838968157768,4,0.5,Bihar
BEAS D/S NADAUN BRIDGE VILL BHADOLI,0.189228855073452,2,0.0,Himachal Pradesh
WATER INTAKE POINT FOR SURI TOWN ON RIVER MAYURAKSHI BIRBHUM,0.18914448297940767,13,0.0,West Bengal
GANGA AT DALMAU (RAI BAREILLY) U.P.,0.18908709784348807,6,1.0,Uttar Pradesh
RIVER RAVI AT LAKHANPUR 1 KM D/S FROM MADHOPUR BRIDGE,0.18879193365573882,5,0.0,Jammu & Kashmir
KALJANI D/S OF ALIPURDWAR MUNICIPALITY DISCHARGE POINT COOCHBEHAR,0.1883032862097025,4,0.5,West Bengal
GODAVARI RIVER AT JALNA INTAKE WATER PUMP HOUSE SHAHABAD AMBAD JALNA,0.18806756287813187,4,0.5,Maharashtra
BORDOIBAM BEELMUKH BIRD SANCTUARY DHEMAJI,0.1874386891722679,2,0.0,Assam
GOBARI AT KENDRAPARA U/S,0.1868458017706871,2,0.0,Odisha
TOANSA PUNJAB,0.18611017614603043,2,1.0,Punjab
NARINJA LAKE,0.18586605042219162,4,0.0,Telangana
CHILKA LAKE AT SATAPADA (RAMSAR SITE),0.18584839544362491,18,0.0,Odisha
TAMDIL LAKE SAITUAL,0.18545925617218018,3,0.0,Mizoram
GODAVARI AT BURGAMPAHAD KHAMMAM,0.18474539475781576,7,0.0,Telangana
NUNA NADI AT BIJIPUR,0.18461156793330846,19,0.10526315789473684,Odisha
U/S MANUSMAR RIVER (RIGA) SITAMARHI,0.1843963861465454,2,1.0,Bihar
D/S KOHRA RAJ GHAT MANJHAULIA WEST CHAMPARAN,0.18426020443439484,1,1.0,Bihar
PABBAR AT D/S SWARAKUDDU,0.1840865214665731,3,0.0,Himachal Pradesh
DHELLA RIVER D/S AT THAKURDWARA ALIGANJ ROAD,0.18393033742904663,1,1.0,Uttar Pradesh
JURI RIVER AT KRISHNAPUR D/S OF DHARMANAGAR NORTH TRIPURA,0.1838970904548963,3,0.0,Tripura
MILAK RIVER AT PAPER NAGAR TULI MOKOKCHUNG,0.18387433886528015,1,0.0,Nagaland
SURINSAR LAKE POINT OF DISCHARGE OF WASTE WATER FROM DIFFERENT ESTABLISHMENTS,0.1837085336446762,7,1.0,Jammu And Kashmir
SATI GHAT AT BANKURA TOWN,0.1836901605129242,1,1.0,West Bengal
WULAR LAKE AT ENTRY PT OF ERIN NALLAH,0.18352952599525452,13,0.23076923076923078,Jammu & Kashmir
SAMANU CHARRA CANAL AT CHAWMANU DHALAI,0.1831096112728119,1,0.0,Tripura
RIVER GANGA AT MADHYA GANGA BARRAGE BIJNOR,0.18288610689342022,4,0.0,Uttar Pradesh
KHALADA NALA WATER SUPPLY SCHEME KULLU TOWN TEHSIL KULLU,0.18288467824459076,3,0.0,Himachal Pradesh
MANSAR LAKE POINT OF DISCHARGE OF WASTE WATER FROM DIFFERENT ESTABLISHMENTS NEAR NAG TEMPLE,0.1827045574784279,5,0.0,Jammu & Kashmir
SHIV GANGA POND DEOGHAR,0.18264451902359724,8,0.125,Jharkhand
RIVER SAI AT JALALPUR JAUNPUR,0.1826330665498972,4,0.5,Uttar Pradesh
NONGAL RIVER AT NANGALBIBRA,0.18261409302552542,3,1.0,Meghalaya
LARGI AT D/S DWADA HIMACHAL PRADESH,0.18153767039378485,3,0.0,Himachal Pradesh
SASTHAMCOTTA LAKE KERALA,0.1814396195113659,4,0.0,Kerala
RIVER BETWA AT M/S J.P. THERMAL POWER BINA,0.18134276568889618,2,0.0,Madhya Pradesh
RIVER GANGA AT TRIVENI GHAT PATNA,0.1810977477580309,8,0.375,Bihar
RIVER DHONS AT MADHWAPUR MADHUBANI,0.18072103708982468,2,0.5,Bihar
RSVR AT MALAMPUZHA,0.1806482970714569,1,1.0,Kerala
RIVER GOMTI AT JAUNPUR U/S,0.18051781564950942,25,0.32,Uttar Pradesh
BHEDEN RIVER BEFORE CONFLUENCE WITH IB RIVER,0.18051335215568542,1,0.0,Odisha
RUPNARAYAN BEFORE CONFL. TO RIVER GANGA NEAR GEONKHALIMEDINIPORE? WEST BENGAL,0.18046605248342862,11,0.09090909090909091,West Bengal
BHAVANI AT BHAVANI TAMILNADU,0.1803880717073168,7,0.0,Tamil Nadu
RIVER GANGA AT CHUNAR,0.18006583154201508,5,1.0,Uttar Pradesh
POOKOTE KERALA,0.1800319254398346,4,0.0,Kerala
LOKCHAO RIVER AT BISHNUPUR,0.17903175204992294,4,0.5,Manipur
BHAVANI AT PATHIRAKALIAMMAN KOIL TAMILNADU,0.17899974063038826,2,0.0,Tamil Nadu
RIVER CAUVERY AT BHAWANI D/S,0.17884425446391106,4,0.0,Tamil Nadu
BEAS D/S PATHANKOT PUNJAB,0.17850831225514413,10,0.0,Punjab
GODAVARI AT BASARA ADILABAD,0.17827902920544147,4,0.25,Telangana
RIVER BEAS D/S MANALSU NALLAH,0.1782047003507614,2,0.0,Himachal Pradesh
SWARNREKHA U/S HCL GHATSHILA E.S,0.1781552791595459,5,0.0,Jharkhand
RIVER CHAMBAL AT ITAWA ROAD BRIDGE BHIND,0.17815376818180084,1,0.0,Madhya Pradesh
YAMUNA AT U/S DAK PATHER,0.17815058252641133,7,0.0,Uttarakhand
MANUSMAR AT PARSHURAMPUR RIGA - BELSUND ROAD SITAMARHI,0.17805807292461395,1,1.0,Bihar
KABINI AT WATER INTAKE OF KIADB AT NANJANGUD,0.17795583605766296,4,0.0,Karnataka
RIVER LAKHANDEI SITAMARHI D/S,0.17788776755332947,1,1.0,Bihar
KANGLA MOAT IMPHAL WEST,0.17777963976065317,3,1.0,Manipur
JARANGLA NALLAH U/S IPH WATER SUPPLY SCHEME (FOR MOHALLA MUGLA & VILLAGE KARIAN),0.1774936467409134,1,0.0,Himachal Pradesh
DAYA AT BHUBANESWAR FD/S ( 2 KM AFTER CONFLUENCE OF GANGUA NALLAH WITH RIVER DAYA),0.17736152311166128,3,1.0,Odisha
ALAKNANDA B/C MANDAKINI AT RUDRA PRAYAG,0.17732246054543388,9,0.0,Uttarakhand
BRAHMANI AT D/S PANPOSH AT DEOGAN,0.17727410793304443,3,1.0,Odisha
GIDC WATER RESERVOIR VILL: BHERSAM TA: VAGRA DIST: BHARUCH,0.1770650576800108,2,0.0,Gujarat
TUIKUAL STREAM U/S NR NEW SECRETARIAT COMPLEX DINTHAR,0.1769321858882904,2,0.0,Mizoram
SWAN RIVER D/S OF UNA AT RAMPUR BRIDGE,0.17688005045056343,4,0.0,Himachal Pradesh
SWAROOP NAGAR UDAIPUR,0.1767827972769737,10,0.1,Rajasthan
PANAM AT LUNAWADA,0.17671816152605144,11,0.0,Haryana
SEONATH AT U/S RAJNANDGAON CHHATISGARH.,0.1765120502561331,10,0.0,Chhattisgarh
DWARIKA AT BISHNUPUR TOWN,0.17649367451667786,1,1.0,West Bengal
PALLERU B/C WITH KRISHNA JAGGAIAPET,0.17632390558719635,1,0.0,Andhra Pradesh
CHUNNAMBAR RIVER,0.17626827582716942,8,0.25,Puducherry
MAHANADI AT SIHAWA CHHATISGARH.,0.1760910078883171,2,0.0,Chhattisgarh
GODAVARI AT RAJAMUNDRY U/S OF NALLA CHANNEL EAST GODAVARI DISTRICT,0.1760556548833847,1,0.0,Andhra Pradesh
RIVER LAKHANDEI SITAMARHI U/S,0.17602556943893433,1,1.0,Bihar
GANGA AT MAA AMBIKA ASTHAN AAMI SARAN,0.1759427860379219,5,0.6,Bihar
WARDHA RIVER AT D/S OF ERAI RIVER HADASTI CHANDRAPUR CHANDRAPUR,0.17571908980607986,2,1.0,Maharashtra
DEO RIVER AT KANCHANPUR,0.17542470432817936,4,0.0,Tripura
HANUMAN GHAT ON DUDHPUKUR AT TARAKESHWAR HOOGHLY,0.17541435360908508,3,1.0,West Bengal
RIVER BERECH NEAR HOTEL PADMINI CHITTORGARH,0.17540938407182693,7,0.2857142857142857,Rajasthan
GANGA AT KEWALA GHATFATUHA PATNA,0.17506763637065886,5,0.2,Bihar
(MANSAR LAKE AT MID POINT(MANSAR LAKE),0.17475254709521928,6,0.0,Jammu & Kashmir
GANGA AT DIAMOND HARBOUR 24 PARGANAS (S)WEST BENGAL,0.17439734935760498,8,0.625,West Bengal
BUGUDANAHALLI LAKE,0.17436158657073975,1,1.0,Karnataka
PHED WATER SUPPLY NEAR BUS STAND RAJGIR,0.17413237690925598,1,0.0,Bihar
CAUVERY AT PETTAIVAITHALAI TRICHY TAMILNADU,0.1740882247686386,1,0.0,Tamil Nadu
SWAN RIVER U/S SANTOSHGARH BRIDGE,0.1739771068096161,1,0.0,Himachal Pradesh
GIRI RIVER AFTER CONFLUENCE OF ASHWANI RIVER AT GIRIPUL YASHWANT NAGAR,0.17377905050913492,3,0.0,Himachal Pradesh
AGHANASHINI RIVER NR BRIDGE KUMATA,0.17363879457116127,2,0.0,Karnataka
MANIPUR RIVER AT SEKMAIJAN,0.17356321960687637,4,0.5,Manipur
ALAKNANDA A/C MANDAKINI AT RUDRAPRAYAG,0.17352412082254887,10,0.0,Uttarakhand
RIVER VAMSADHARA IMMEDIATE BORDER BETWEEN ANDHRA PRADESH & ORISSA STATES NEAR LALITHAMBA TEMPLE BAT,0.17339774072170258,5,0.0,Andhra Pradesh
JAMUNIA RIVER NEAR LOHAPATTI BRIDGE MAHUDA DHANBAD,0.17331066727638245,2,0.0,Jharkhand
AGHANASHINI RIVER MARIGADDE (SIRSI),0.17307289441426596,3,0.0,Karnataka
WULAR LAKE ATKANIBATH,0.17293398516873518,12,0.5,Jammu & Kashmir
NANDIRA U/S AT KUKUDANGA,0.17259159311652184,2,0.0,Odisha
MANDAKINI B/C ALKALNADA AT RUDRAPRAYAG,0.17251531531413397,9,0.0,Uttarakhand
SIUEL AT D/S SURGANI,0.17207551188766956,4,0.0,Himachal Pradesh
BHAVANI AT D/S OF BHAVANISAGAR SATHYAMANGALAM ERODE TAMILNADU,0.171923466026783,2,0.0,Tamil Nadu
TUIRIAL RIVER AIRFIELD AFTER DUMPING GROUND,0.17174488306045532,1,0.0,Mizoram
BATTA AT U/S PAONTA,0.17137786746025085,2,0.0,Himachal Pradesh
SATLUJ RIVER D/S POWER HOUSE KASHANG HEP,0.17129512131214142,3,0.0,Himachal Pradesh
DHOUS AT MADHUVAPUR MADHUBANI,0.17124093323946,2,0.5,Bihar
GANGA AT PATIKALI NEAR DURGA CHAK WEST BENGAL,0.1712124099334081,3,0.3333333333333333,West Bengal
UPPER GANGA CANAL D/S ROORKEE HARIDWAR,0.1712030813097954,15,0.0,Uttarakhand
CAUVERY AT MUSIRI,0.1709071695804596,1,0.0,Tamil Nadu
PABBAR AT U/S ROHRU,0.17080185562372208,2,0.0,Himachal Pradesh
"SOMASILA BACK WATER, OLD  RAMAPURAM (V), VONTIMITTA (M)",0.1706462949514389,1,0.0,Andhra Pradesh
PARVATI BEFORE CONF. TO RIVER BEAS,0.17057493329048157,3,0.0,Himachal Pradesh
GODAVARI AT RAJAHMUNDRY U/S KUMARADEVAM EAST GODAVARI,0.17055844515562057,2,0.0,Andhra Pradesh
GODAVARI AT MANCHERIAL NEAR RLY BDG B/C OF RALLAVAGU,0.1704358458518982,4,0.0,Telangana
UMIAM LAKE AT BARAPANI,0.170416422188282,4,1.0,Meghalaya
UDAYA SAMUDRAM BALANCING RESERVOIR PANAGAL (V) NALGONDA (TOWN & DISTRICT),0.17037738859653473,2,0.0,Telangana
NORTH KOEL D/S BCCL REHLA,0.17026409655809402,5,0.0,Jharkhand
KABINI AT BATHING GHAT NANJANAGUD,0.1702423132956028,2,0.0,Karnataka
RIVER SAL AT KHAREBAND MARGAO,0.17021790146827698,2,1.0,Goa
POND NEAR THERMAL POWER PLANT BAIRABI,0.1695386841893196,2,0.0,Mizoram
PALAIR RESERVOIR KHAMMAM,0.16945462177197138,3,0.0,Telangana
DHAMBUR LAKE DHALAI,0.16879322938621044,4,0.0,Tripura
SATLUJ RIVER D/S TRT OF RAMPUR HYDEL ELECTRIC PROJECT,0.16854378953576088,4,0.0,Himachal Pradesh
RSVR AT EDAMALAYAR,0.16815197467803955,1,0.0,Kerala
SWAN RIVER U/S GAGRET,0.16813668608665466,1,0.0,Himachal Pradesh
"KRISHNA MANGROVES,KARA AGRAHARAM (V), MACHILIPATNAM (M)",0.1681363359093666,2,0.0,Andhra Pradesh
SATLUJ AT U/S HEAD WORKS ROPAR,0.16799089591950178,8,0.0,Punjab
PURI CANAL AT HANSAPAL,0.16790971159934998,3,0.3333333333333333,Odisha
RUSHIKULYA AT ASIKA,0.16777711113293967,3,0.0,Odisha
KOSHI RIVER AT BEERPUR SUPAUL,0.16768400371074677,3,0.6666666666666666,Bihar
NAMBUL RIVER AT SAMUSANG (U.K. ROAD),0.16724654659628868,4,1.0,Manipur
DEO RIVER AT PECHARTHAL D/S NORTH TRIPURA,0.16718068905174732,8,0.0,Tripura
BADA NADI AT ASIKA,0.1668103188276291,3,0.0,Odisha
RAVI AT U/S MADHOPUR,0.1666601799428463,5,0.0,Himachal Pradesh
GODAVARI AT RAMAGUNDAM U/S  KARIMNAGAR,0.16660350561141968,4,0.25,Telangana
MORNA RIVER AT D/S RAILWAY BRIDGE AKOLA AKOLA  AKOLA,0.16590119898319244,1,0.0,Maharashtra
RUDRASAGAR SONUMURA TRIPURA,0.16589929908514023,4,0.0,Tripura
RAJADINIA PUKHURI AT ABHAYAPURI ASSAM,0.16582319140434265,1,0.0,Assam
KUJI RIVER (NEAR NEW BOGAGIGAON) NEAR WATER INTAKE POINT FOR NF RAILWAY,0.16459177434444427,3,0.0,Assam
JHELUM RIVER AT SOPORE CONFLUENCE POINT OF WULAR LAKE,0.16441909117358072,7,0.14285714285714285,Jammu & Kashmir
RIVER BEAS AT RAISON,0.16417557932436466,4,0.0,Himachal Pradesh
NARENDRA POKHARI ( RILIGIOUS POND OF PURI CITY),0.16402367254098257,3,1.0,Odisha
BHADAR D/S JETPUR VILL. AFTER CONF. OF W.WATER FROM JETPUR CITY,0.1639253217726946,4,0.5,Gujarat
BASANTER U/S (R.H.S) SAMBA (BELOW NH-1A BRIDGE),0.16366402059793472,2,0.0,Jammu & Kashmir
RAIA LAKE,0.16352458830390657,7,0.42857142857142855,Goa
KARCHAM DRAIN,0.16337527707219124,5,0.0,Himachal Pradesh
PALATANA CANAL AT D/S OF POLLUTION OUTFALL SOUTH TRIPURA,0.16276284754276277,5,0.0,Tripura
KAYAMKULAM KERALA,0.162744902074337,2,1.0,Kerala
KAGINA RIVER AT D/S OF BRIDGE CUM BARRAGE SADEM TQ,0.16271590441465378,3,0.0,Karnataka
KALI SINDH AT BAROD ROAD BRIDGE KOTA RAJASTHAN,0.16236184388399125,5,0.4,Rajasthan
LIDDER NALLAH AT BUS ADDA,0.16177888214588165,11,0.0,Jammu & Kashmir
RUSHIKULYA AT NALABANTA,0.1614315410455068,3,0.0,Odisha
HUDIARA DRAIN AT VILL. DHAHUKE (WHERE IT ENTERS PAKISTAN) PUNJAB,0.16142132878303528,1,1.0,Punjab
RIVER SATLUJ D/S CONFLUENCE WITH GANVI KHAD,0.16133380234241484,5,0.0,Himachal Pradesh
GHAGGAR AT RATANHERI D/S OF PATIALA NADI (AFTER CONFL.) PUNJAB,0.16132879505554834,9,1.0,Haryana
SATLUJ RIVER D/S TIDONG HEP,0.16120095799366632,3,0.0,Himachal Pradesh
SATLUJ AT D/S HUSSANIWALA-H/W FEROZEPUR PUNJAB,0.16118543719251952,6,0.0,Punjab
ANJUNEM LAKE,0.1610289765521884,8,0.125,Goa
THIRURANGADY KERALA,0.16095427870750428,5,0.4,Kerala
GANGA AT HARIDWAR D/S UPPER GANGA CANAL D/S BALKUMARI MANDIR AJEETPUR HARIDWAR,0.16072079320164287,17,0.0,Uttarakhand
TEESTA A/C WITH RIVER RANICHU AT SINGTAM,0.16064081713557243,2,0.0,Sikkim
KARO AT LOHOJIMI U/S JHARKAND,0.16061893105506897,3,0.0,Jharkhand
ORUVATHILKOTTA LAKE KERALA,0.16045794263482094,2,0.5,Kerala
LOKTAK LAKE AT THANA,0.16019475609064102,5,0.8,Manipur
SATLUJ AT 100M U/S OF HEADWORKS NANGAL,0.16008286071675165,7,0.0,Punjab
RIVER SATLUJ U/S IANDFILL SITE RAMPUR,0.15969116613268852,2,0.0,Himachal Pradesh
ANCHARAKANDY AT ANCHARAKANDY,0.15953299403190613,1,0.0,Kerala
RIVER GANGA D/S RISHIKESH,0.1594386724755168,16,0.0625,Uttarakhand
RIVER TALPONA AT CANACONA GOA,0.15883657708764076,8,0.0,Goa
KODRA DAM MOUNT ABU RAJASTHAN,0.15866045653820038,1,0.0,Rajasthan
CHURNI D/S OF RANAGHAT TOWN WEST BENGAL,0.15850768983364105,3,1.0,West Bengal
PUDUMPUKHURI DIMAPUR,0.15799777582287788,12,0.25,Nagaland
NINGTHEM PUKHURI,0.15787569930156073,6,0.6666666666666666,Manipur
GHAGGAR BEFORE OTTU WEIR (BEFORE MIXING OF SATLUJ CANAL WATER),0.15735487598511907,9,1.0,Haryana
THADLASKEIN LAKE JOWAI,0.15730490908026695,3,0.0,Meghalaya
WARDHA RIVER D/S OF ACC GHUGGUS CHANDRAPUR CHANDRAPUR,0.15719756856560707,2,1.0,Maharashtra
KYRHUKHLA NEAR SUTNGA KHLIERIAT JAINTIA HILLS,0.15719206631183624,2,1.0,Meghalaya
RIVER STLUJ D/S LANDFILL SITE RAMPUR,0.1570085883140564,2,0.0,Himachal Pradesh
SIMSANG RIVER WILLIAMNAGAR,0.15614005478305948,18,0.0,Meghalaya
DEVAK RIVER AT UTTERBEHNI,0.15608022920787334,4,0.0,Jammu & Kashmir
MALPRABHA AT D/S OF AIHOLE TOWN,0.15600308775901794,1,0.0,Karnataka
CAUVERY AT METTUR,0.15599181609494345,7,0.0,Tamil Nadu
MAHI AFTER CONF. WITH ANAS AT PARDI (BANASWADA),0.15584465364615122,12,0.0,Haryana
STP AT SWARG ASHRAM-1 UTTARAKHAND,0.15574990957975388,7,0.0,Uttarakhand
BUDHABALANGA AT D/S OF BARIPADA TOWN,0.1554129496216774,2,0.0,Odisha
NARSIMEHTA TALAV- JUNAGADH,0.15509124100208282,3,1.0,Gujarat
RIVER BEAS U/S SUJANPUR TIHRA,0.15503677477439246,3,0.0,Uttar Pradesh
THOUBAL RIVER AT YAIRIPOK,0.15497701056301594,4,0.75,Manipur
LIDDER NALLAH AT LARIPORA,0.1549757325223514,7,0.0,Jammu And Kashmir
SATLUJ AT U/S TATAPANI,0.15447304273645082,6,0.0,Himachal Pradesh
MARKANDA AT NARAINGARH (HARYANA),0.1542854756116867,1,1.0,Haryana
MANWAR TAWI AT VILLAGE KALLAR (ABOUT 15 KM D/S SALAINI BRIDGE),0.1536058709025383,2,0.0,Jammu & Kashmir
RIVER RAPTI AT RAJGHAT GORAKHPUR,0.15357931951681772,3,1.0,Uttar Pradesh
BARALIA RIVER (NEAR CHATPUJA GHAT) RANGIA KAMRUP (R ),0.15353848040103912,1,0.0,Assam
RAJAPUKHURI AT GAURIPUR ASSAM,0.15325843542814255,3,0.0,Assam
PONGDAM LAKE AT PONG VILLAGE,0.15286915004253387,1,0.0,Himachal Pradesh
TUNGABHADRA AT CONFLUENCE POINT OF TUNGA AND BHADRA AT KUDLI,0.1523420363664627,1,0.0,Karnataka
KRISHNA AT GADWAL BRIDGE,0.1520437349875768,3,0.0,Telangana
RIVER NAGAVALI IMMEDIATE BORDER BETWEEN ANDHRA PRADESH & ORISSA STATES NEAR SIVALAYAM KUNERU (V) KO,0.1520260702818632,4,0.0,Odisha
PARVATI A/C OF VINDHYACHAL NALLA PILUKHEDI,0.15192636847496033,1,0.0,Madhya Pradesh
RAMGANGA AT D/S KALAGARH DAM (U.K.),0.15183768719434737,5,0.2,Uttarakhand
BARAK AT PANCHAGRAM  ASSAM,0.15181921862743117,22,0.0,Assam
RIVER DAMODAR AT RANIGANJ D/S BURDWAN,0.1517065167427063,5,0.0,West Bengal
KHOWAI RIVER AT KARAILONG TELIAMURA WEST TRIPURA,0.15129904945691428,3,0.0,Tripura
HOLY POND AT VILLAGE SIKATIA,0.15118856728076935,1,1.0,Jharkhand
FENI RIVER AT SABROOM (INTERSTATE BOUNDARY) SOUTH TRIPURA,0.1511758907387654,6,0.0,Tripura
GOBARI AT KENDRAPARA D/S,0.15111124515533447,1,0.0,Odisha
UMIAM LAKE AT MIDDLE POINT,0.15101385489106178,4,1.0,Meghalaya
SHIKARI BEFORE CONFLUENCE TO RIVER PABBAR NEAR HRTC ROHRU BUS STAND,0.15100597217679024,2,0.0,Himachal Pradesh
DHALAI RIVER AT MANIK BHANDHER DHALAI,0.15096193552017212,3,0.0,Tripura
MANAS RIVER AT NH-31 CROSSING BARPETA DISTRICT ASSAM,0.1509520471096039,5,0.0,Assam
BARAK RIVER NEAR NONEY VILLAGE (N.H. 53) TAMENGLONG,0.1507800966501236,1,1.0,Manipur
BANGURU NALLAH (OVER BRIDGE TALCHER RENGALI DAM ROAD SARKISOREPAL),0.1506400741636753,2,0.0,Odisha
HARWALE WATER FALL,0.15033389627933502,1,0.0,Goa
MANWAR TAWI AT TARHALI BRIDGE ( 5 KM U/S SALAINI BRIDGE),0.1503133662045002,2,0.0,Jammu & Kashmir
RIVER ASSONORA AT ASSONORA GOA,0.15006053540855646,4,0.0,Goa
RIVER SILTORSA AT HASIMARA,0.15004154294729233,4,0.0,West Bengal
WESTERN YAMUNA CANAL WC-1(Y.NAGAR)100M D/S AFTER RECEIVING IND.&SEW.EFFL,0.14955422934144735,8,0.875,Haryana
VELLAYANI LAKE AT VANDITHADOM THIRUVANANTHAPURAM,0.1495220959186554,1,0.0,Kerala
SEA WATER  BAY OF BENGAL AFTER CONFLUENCE OF MARINE OUTFALL OF M/S. AUROBINDO PHARMA LTD. PYDIBHEEM,0.14937814474105834,5,0.0,Andhra Pradesh
SARVARI NALLAH BEFORE CONFLUENCE TO RIVER BEAS,0.1493730992078781,1,0.0,Himachal Pradesh
MINE PIT WATER ASSANSOL WEST BENGAL,0.14892351627349854,2,0.0,West Bengal
KATHAKAL U/S AT MATIJURI DIST. HAILAKANDI ASSAM,0.14877314493060112,4,0.0,Assam
MANIMALA AT THONDRA KERALA,0.14875992760062218,2,0.0,Kerala
TONS AT HARIPUR (U.K.),0.14875176455825567,4,0.25,Uttarakhand
WAINGANGA AFTER CONLUENCE WITH KANHAN AMBHORA KUHI NAGPUR,0.14810368418693542,1,1.0,Maharashtra
ANS RIVER AT KANDI,0.14799709618091583,1,0.0,Jammu & Kashmir
RIVER KUNDU NANDYAL NEAR OVER BDG. KURNOOL,0.14794441685080528,2,0.5,Andhra Pradesh
LIDDER NALLAH NERA BUMZOO ANANTNAG,0.1473698200037082,12,0.0,Jammu And Kashmir
MAHANADI POWER CHANNEL D/S NEAR BURLA,0.14730572514235973,4,0.0,Odisha
KHAWTHLANGTUIPUI RIVER TLABUNG,0.1470845565199852,7,0.2857142857142857,Mizoram
MANEY KHOLA A/C WITH RAY KHOLA AT ADAMPOOL AFTER MEETING WASTE OF STP GANGTOK,0.14699272563060126,3,0.0,Sikkim
MANU RIVER AT KUMARGHAT NORTH TRIPURA,0.1468636393547058,7,0.0,Tripura
JAISAMAND LAKE SALUMBER UDAIPUR POINT NO. 2 RAJASTHAN,0.14638380110263824,5,0.0,Rajasthan
CONFLUENCE POINT OF SARSA NADI WITH WITH RIVER SATLUJ NR VILL ASPUR ROOPNAGAR,0.14613939212127167,11,0.0,Punjab
SATLUJ AT BOAT BDG. DHARMKOTNAKODAR ROAD JALANDHAR,0.14605036675930022,5,1.0,Punjab
SWAN RIVER B/C OF GARNI KHAD,0.1460261046886444,1,0.0,Himachal Pradesh
THALIPARAMBA KERALA,0.14570815302431583,18,0.0,Kerala
BHAGIRATHI B/C WITH ALAKNANDA AT DEVPRAYAG,0.1448684014379978,10,0.0,Uttarakhand
PARVATI AT U/S MANIKARAN,0.14480720460414886,2,0.0,Himachal Pradesh
MANALSU NALA (( WATER SUPPLY SCHEME FOR MANALI TOWN U/S OF OLD MANALI THESIL MANALI DIST KULLU,0.14463264867663383,2,0.0,Himachal Pradesh
RIVER SAL AT ORLIM BRIDGE ORLIM,0.14448423087596893,5,0.0,Goa
DANDI CREEK DANDI PALGHAR THANE,0.1443384513258934,2,1.0,Maharashtra
GODAVARI AT KAMALPUR D/S AT M/S. AP RAYONS LTD. DISCHARGE POINT WARANGAL,0.1443231850862503,1,0.0,Andhra Pradesh
NARMADA AT PANETHA,0.14420948550105095,4,0.0,Gujarat
GANGA AT TRIGHAT (GHAZIPUR) U.P,0.14404233917593956,6,1.0,Uttar Pradesh
IRIL AT LILONG,0.14399384458859762,6,0.6666666666666666,Manipur
LAKHOTA TALAV JAMNAGAR,0.14389602094888687,4,1.0,Gujarat
PILKHAR RIVER AFTER BILASPUR RAMPUR,0.14372552931308746,1,1.0,Uttar Pradesh
TUNGABHADRA AT JACKWELL POINT,0.14333008974790573,2,0.0,Karnataka
RIVER RAIDAK AT ALIPURDUAR,0.14316768199205399,2,0.0,West Bengal
NETRAVATHI U/S OF DHARMASTALA AT WATER SUPPLY INTAKE POINT,0.14314018189907074,1,0.0,Karnataka
RIVER KRISHNA AT MATTEPALLY 500 MTS BEFORE BATHING GAHT,0.14297951757907867,1,0.0,Andhra Pradesh
GAMBHIRI AT GHOSUNDA DAM CHITTORGARH,0.14294880777597427,5,0.2,Rajasthan
GODAVARI AT DHALEGAON PATHARI PARBHANI,0.14292826410382986,16,0.375,Maharashtra
SATLUJ AT U/S RAMPUR,0.1428302302956581,2,0.0,Himachal Pradesh
KHOWAI RIVER AT TRISHA BARI TELIAMURA WEST TRIPURA,0.14263910137944752,9,0.0,Tripura
ALAKNANDA A/C WITH BHAGIRATHI AT DEVPRAYAG,0.14255219968882474,11,0.0,Uttarakhand
BEAS AT U/S KULLU,0.14251090213656425,4,0.0,Himachal Pradesh
CAUVERY U/S OF KR NAGAR,0.14240987598896027,1,0.0,Karnataka
KOINA RIVER MANOHARPUR W.S,0.14217720925807953,1,0.0,Jharkhand
RIVER DAMODAR AT ANDAL U/S BURDWAN,0.1419908657670021,5,0.0,West Bengal
KHAGARIA ROAD BRIDGE KHAGARIA,0.14195946231484413,2,0.5,Bihar
GOMTI AT JAUNPUR D/S U.P.,0.14187974333763123,5,1.0,Uttar Pradesh
HATISHALA GHAT ON DUDHPUKUR AT TARAKESHWAR HOOGHLY,0.14162637293338776,1,1.0,West Bengal
PARAVUR KERALA,0.1415227334946394,6,0.0,Kerala
SWARNREKHA RIVER U/S HINDALCO IND LTD MURLI WORKS CHHOTAMURI RANCHI,0.14113658294081688,3,0.0,Jharkhand
BANGANGA (BATHING GHAT) KATRA,0.14112893864512444,2,0.5,Jammu & Kashmir
RAVI AT D/S AT CHAMERA III HEP,0.14053277671337128,6,0.0,Himachal Pradesh
KRISHNA A/C WITH TUNGABHADRA SANGAMESHWARAM KUNOOL,0.14040230959653854,4,0.0,Andhra Pradesh
NARMADA AT HOSHANGABAD U S M.P.,0.14010103615491012,19,0.0,Madhya Pradesh
KHOWAI RIVER AT KUMARI MADHUTI SETU WEST TRIPURA,0.139800626039505,5,0.0,Tripura
WESTERN YAMUNA CANAL AT DAMLA D/S OF YAMUNA NAGAR,0.13979657739400864,2,0.5,Haryana
SATLUJ AT D/S RAMPUR,0.13978177309036255,1,0.0,Himachal Pradesh
CAUVERY AT PALLIPPALAYAM,0.13970411103218794,4,0.0,Tamil Nadu
GUWARDI RESERVIOR UPSTREAM SIDE OF GUWARDI NALLA (A TRIBUTARY TO BANAS RIVER,0.13961457957824072,6,0.3333333333333333,Rajasthan
WAINGANGA RIVER NEAR VILL. BUDUNDA MALANJKHAND DISTT BALAGHAT,0.13937640190124512,1,0.0,Madhya Pradesh
LIDDER NEAR LAVENDER PARK,0.1393753932788968,8,0.0,Jammu And Kashmir
RIVER KALNA AT CHANDEL- PERNEM GOA,0.13936994969844818,1,0.0,Maharashtra
SATLUJ AT NEPTHA ZAKHAI,0.13901245594024658,4,0.0,Himachal Pradesh
FENI RIVER AT CHOTOKHIL BATTALA SOUTH TRIPURA,0.13871936748425165,9,0.0,Tripura
SANKHA U/S ( D/S OF MANDIRA DAM),0.13858448155224323,4,0.0,Odisha
PARVATI AT D/S MANIKARAN,0.1383292369544506,5,0.0,Himachal Pradesh
GANGA AT BUXAR RAMREKHAGHAT,0.13831997103989124,4,0.75,Bihar
SINDH RIVER AT SONAMARG U/S,0.13807666581124067,8,0.0,Jammu & Kashmir
SUBARNAREKHA AT GOPIBALLAVPUR (WEST BENGAL),0.1375170797109604,2,0.0,West Bengal
TIKIRA AT KANIHA U/S,0.13718528797229132,3,0.0,Odisha
NARMADA AT SETHANIGHAT,0.13716641068458557,1,0.0,Madhya Pradesh
PARMAR AT JOGBANI ARARIA,0.1370251178741455,2,0.5,Bihar
SHIMSHA AT D/S OF HIGHWAY BRIDGE YEDIYAR,0.1370224729180336,2,1.0,Karnataka
KODAI KANAL LAKE TAMILNADU,0.13697677850723267,3,0.6666666666666666,Tamil Nadu
KULAD TALCHER,0.13690517842769623,1,0.0,Odisha
TUNGABHADRA AT NEW BRIDGE,0.1361503298394382,16,0.0625,Karnataka
ROURKELA FD/S AT ATTAGHAT,0.13608810305595398,1,1.0,Odisha
VISVA BHARATI,0.1358586996793747,1,0.0,West Bengal
LAKSHMANTIRTHA AT D/S OF KATTEMALAVADI,0.1357484608888626,1,1.0,Karnataka
KARO RIVER T BADBIL,0.13572604954242706,1,0.0,Odisha
RIVER SATLUJ U/S CONFLUENCES OF RIVER BASPA,0.13559016585350037,1,0.0,Himachal Pradesh
CURTORIM LAKE,0.13555392622947693,7,0.2857142857142857,Goa
KALLADA AT PERUMTHOTTAMKADAVU PUNALOOR,0.13536675026019415,3,0.0,Kerala
KRISHNA AT MAHABALESHWAR DHOM DAM NEAR KOINA DAM MAHABALESHWAR SATARA,0.1353438968459765,3,0.6666666666666666,Maharashtra
RIVER BAITARNI AT CHANDBALI D/S,0.13530924916267395,1,0.0,Odisha
NARMADA AT PANCHWATIGHAT BEFORE MIXING WITH BAWANGANGA RIVER JABALPUR,0.13504576683044434,1,0.0,Madhya Pradesh
JAGANNATH DIGHI SOUTH TRIPURA,0.1349741816520691,2,0.0,Tripura
NALHATI RAILWAY STATION OF BIRBHUM,0.13490958511829376,1,0.0,West Bengal
CHENAB AT JAL PATAN MANDIR AFTER MEETING WITH MAIN DRAIN OF AKHNOOR CITY(1.5 KMD/S FROM SPOT),0.13483772533280508,7,0.0,Jammu & Kashmir
SATLUJ AT U/S HUSSANIWALA - H/W FEROZEPUR PUNJAB,0.1346965649475654,6,0.0,Punjab
VAMANAPURAM KERALA,0.13445572927594185,2,0.0,Kerala
NABADIP ON GANGA GHOSHPARA NEAR MONIPURGHATNADIA,0.13422883674502373,4,0.5,West Bengal
HALDI RIVER AT NORGHAT,0.13420617207884789,4,0.25,West Bengal
DAMODAR AT NARAINPUR AFTER CONFL. OF NUNIA NALLAH BURDWANWEST BENGAL,0.13397993679557527,7,0.0,West Bengal
KAKKADAVU KERALA,0.13385561108589172,1,0.0,Tamil Nadu
JHELUM RIVER AT SANGAM CONFLUENCE POINT OF VISHAV NALLAH,0.13370438665151596,8,0.0,Jammu And Kashmir
WATER INTAKE POINT FOR BURDWAN TOWN BURDWAN,0.1335809789597988,4,0.0,West Bengal
UMTREW AT BYRNIHAT EAST,0.13348381221294403,1,0.0,Assam
U/S SASAMUSA GOPALGANJ,0.13294445723295212,3,0.3333333333333333,Bihar
NEAR BADABAZAR BERHAMPUR,0.13254491984844208,1,1.0,Odisha
KALISINDH RESERVOIR AT SARANGPUR RAJGARH,0.13252650201320648,1,0.0,Madhya Pradesh
BRAHAMPUTRA AT JOGIJHOGA NEAR BRIDGE ASSAM,0.13240030904610953,3,0.0,Assam
NAINI LAKE AT NAINITAL (WATER INTAKE POINT),0.1321419281885028,8,0.0,Uttarakhand
NEAR PANTHANIVAS SAMBALPUR,0.1319488286972046,1,0.0,Odisha
ACHANKOVIL AT THUMPAMON,0.13170004139343897,3,0.0,Kerala
SINGUR DAM RESERVOIR SANGAREDDY,0.1314751822501421,4,0.0,Telangana
ALAKNANDA B/C TO BHAGIRATHI AT DEVPRAYAG,0.13095642147319658,14,0.0,Uttarakhand
ANJANGAONAKOT AKOLA,0.13093432784080505,1,0.0,Maharashtra
RIVER MANDOVI AT AMONA BRIDGE,0.1308754101395607,5,0.0,Goa
WULAR LAKE AT WATLAB,0.13086307861588217,11,0.18181818181818182,Jammu And Kashmir
STP AT JAGJITPUR UTTRAKHAND,0.13085074126720428,5,0.0,Uttarakhand
BHELLA RIVER AT LOHIYA BRIDGE D/S KASHIPUR,0.13010141253471375,1,1.0,Uttar Pradesh
YAMUNA RIVER D/S PAONTA SAHIB,0.13005654513835907,1,0.0,Himachal Pradesh
YENNEHOLE LAKE,0.13004983589053154,2,1.0,Karnataka
LIDDER AT NUNWAN,0.1299854897790485,9,0.0,Jammu And Kashmir
BHADOHI INDUSTRIAL AREA DEVELOPMENT AUTHORITY SANT RAVIDAS NAGAR,0.12987536191940308,1,1.0,Uttar Pradesh
JHELUM RIVER AT AWANTIPORA,0.12982479557394982,10,0.0,Jammu & Kashmir
JAISAMAND LAKE SALUMBER UDAIPUR POINT NO. 1 RAJASTHAN,0.12967619796593985,3,0.0,Rajasthan
D/S DAHA RIVER AT SASAMUSA GOPALGANJ,0.12961782266696295,3,1.0,Bihar
"INTERU SWAMPS, INTERU (V), BANTUMILLI (M)",0.12961656972765923,2,0.0,Andhra Pradesh
BEAS AT G.T.ROAD UNDER BDG. NEAR KAPURTHALA,0.12948195387919745,3,0.0,Punjab
DHALAI RIVER AT CHANDRAIPARA D/S OF AMBASSA TOWN DHALAI,0.1293764241039753,10,0.0,Tripura
BEAS AT 100M D/S INDUST. DISCH. GOINDWAL,0.12925132364034653,2,0.0,Punjab
MAHANADI AT RUDRI U/S AT DHAMTORI RESERVOIR CHHATISGARH.,0.12909390777349472,2,0.0,Chhattisgarh
GANGA RIVER AT BHAGALPUR,0.1290505262357848,7,0.42857142857142855,Bihar
LAL BAGLA GHAT MOTIHARI DHAKA ROAD EAST CHAMPARAN,0.12889635562896729,6,0.5,Bihar
DAHA RIVER AT MEERGANJ,0.12877009436488152,4,0.5,Bihar
CHANDRAPUR CANAL,0.12870834320783614,5,0.0,Tripura
GALA BEEL AT DERGAON ASSAM,0.12869274616241455,1,0.0,Assam
GANGA AT TARIGHAT GHAZIPUR (U.P.),0.12867212295532227,1,1.0,Uttar Pradesh
LONGAI RIVER AT DAMCHERRA (INTERSTATE BOUNDRY) NORTH TRIPURA,0.12849779799580574,4,0.0,Tripura
WARDHA RIVER AT U/S OF ERAI RIVER HADASTI CHANDRAPUR CHANDRAPUR,0.12844181060791016,1,0.0,Maharashtra
LAURIA-NARKATIAGANJ ROAD BRIDGE WEST CHAMPARAN,0.12797796726226807,3,1.0,Bihar
SAMBALPUR FD/S T SHANKARMATH,0.12797777988016606,5,0.0,Odisha
JHELAM AT ANANTNAG D/S,0.12796176522970198,5,0.0,Jammu & Kashmir
TRIVENI SANGAM NR. SOMNATH TEMPLE VERAVAL DIST. JUNAGADH.,0.12788651138544083,5,0.0,Gujarat
R THIRUR AT THALAKKADATHUR BRIDGE,0.12786532379686832,4,0.5,Kerala
RIVER GOMTI AT PIPRAGHAT U/S,0.1277591586112976,1,1.0,Uttar Pradesh
PANCHNAI RIVER AT NH-52 CROSSING ORANG ASSAM,0.12773361355066298,5,0.0,Assam
RIVER BEAS D/S OF WPF AT KULLU,0.12768009305000305,3,0.0,Himachal Pradesh
CAUVERY AT RANGANATHITTU,0.1275041401386261,1,0.0,Karnataka
RIVER GANGA AT BATHING GHAT (GOLA GHAT),0.12704363465309143,1,0.0,Uttar Pradesh
RIVER SATLUJ U/S CONFLUENCE WITH GANVI KHAND,0.12691779186328253,3,0.0,Himachal Pradesh
JAI BHARALI RIVER NEAR BISWANATH CHARALI SONITPUR ASSAM,0.12684255838394165,2,0.0,Assam
WENA RIVER AT U/S OF MOHATA MILLS NEAR RAILWAY BRIDGE HINGANGHAT WARDHA,0.12679623564084372,3,0.6666666666666666,Maharashtra
BERACH RIVER NEAR VILLAGE-NAGARI CHITTORGARH,0.12676756422628055,11,0.18181818181818182,Rajasthan
BADAJHOR (AT DHENKANAL),0.1264866665005684,4,0.0,Odisha
BHIMA RIVER-BACKWATER OF UJANI DAM NEAR RAW WATER PUMP HOUSE KUMBARGAON INDAPUR PUNE,0.1264857929199934,4,1.0,Maharashtra
CANAL DOWNSTREAM OF CUNCOLIM INDL.EST. CUNCOLIM SALCETE (NEAR RAILWAY BRIDGE),0.12642778207858404,3,0.0,Goa
NAGAVALI AT PENTA U/S JAYKAYPUR TOWN,0.12612750381231308,2,0.0,Odisha
MAYEM LAKE BICHOLIM,0.12592392627682006,7,0.14285714285714285,Goa
SATLUJ AT D/S SLAPPER,0.12590139918029308,4,0.0,Himachal Pradesh
BRAHAMPUTRA RIVER AT BISWANATH GHAT,0.12567733228206635,1,0.0,Assam
INDRADYUMNA TANK ( RILIGIOUS POND OF PURI CITY),0.12557079643011093,4,1.0,Odisha
SEA WATER BAY OF BENGAL MANGINAPUDI BEACH MACHILIPATNAM,0.12555044144392014,2,0.0,Andhra Pradesh
RUDRASAGAR NORTH LAKETRIPURA,0.12535311033328375,3,0.0,Tripura
NUWA NOI RIVER NEAR BRIDGE OVER BOINAOJA PARA MANGALDOI,0.12520727515220642,1,0.0,Assam
BRAHMANI AT KAMALANGA (TALCHER D/S),0.12520621716976166,1,0.0,Odisha
UPPER GANGA CANAL AT DAM KOTHI HARIDWAR,0.12464998414119084,9,0.1111111111111111,Uttarakhand
TUITHANG VENG TUIKHUR,0.12442172318696976,1,1.0,Mizoram
KOSI AT DADIYAL BRIDGE UTTRAKHAND,0.12438665330410004,1,0.0,Uttar Pradesh
KATHJODI AT CUTTACK FD/S AT KAMASASAN,0.12415086477994919,1,0.0,Odisha
CAUVERY AT WATER SUPPLY INTAKE POINT AT KOLLEGALA DASANAPURA,0.12413190305233002,2,0.0,Karnataka
RIVER GOMTI AT SULTANPUR D/S,0.12400793097913265,2,0.5,Uttar Pradesh
BRAHMANI AT U/S PANPOSH,0.12387866526842117,2,0.0,Odisha
SATLUJ AT KHAB,0.12380311638116837,1,0.0,Himachal Pradesh
KALIPAI RIVER AT RYMBAI,0.12329451367259026,7,1.0,Meghalaya
SONE NEAR BHANVARSEN ROAD BRIDGE AFTER CONFLUENCE OF BANAS RIVER DIST SIDHI,0.12288123369216919,2,0.0,Madhya Pradesh
HAMISAR TALAV BHUJ,0.12267266027629375,4,0.0,Gujarat
MYNTANG RIVER AT NARTIANG JAYANTIA HILLS,0.12256405502557755,2,0.0,Meghalaya
KOLONG RIVER AT MARIGAON ASSAM,0.12242764110366504,3,0.0,Assam
RIVER GANGA AT U/S JAIL GHAT BUXAR,0.12231713067740202,4,0.5,Bihar
TONS AT MADHAVGARH M.P.,0.122251495718956,1,0.0,Madhya Pradesh
MANANCHIRA POND AT KOZHEKODE,0.12214182689785957,2,0.0,Kerala
SIRSIYA AT RAXAUL EAST CHAMPARAN,0.12213369458913803,1,1.0,Bihar
R KAVVAI AT KUTTIYOL PALAM,0.12208950892090797,2,0.0,Kerala
POONPUN RIVER NEAR KINZER ROAD BRIDGE JEHANABAD,0.1217783863345782,3,0.6666666666666666,Bihar
DAMODAR AT PANCHET DAM,0.12171109765768051,3,0.0,Jharkhand
MANU RIVER AT CHAILENGTA,0.12168119102716446,1,0.0,Tripura
GANGA AT THE CONFLUENCE OF SONE RIVER DORIGANJ CHAPRA,0.12126265466213226,3,1.0,Bihar
WAINGANGA AT CHINDWARA M.P.,0.12104123582442601,3,0.0,Madhya Pradesh
RAMREKHA RIVER AT HARINAGAR WEST CHAMPARAN,0.121015764772892,2,1.0,Bihar
LIDDER NALLAH AT YANEER D/S OF PHALGUM,0.12094310019165277,8,0.125,Jammu & Kashmir
GANGA PUKHURI NALBARI (GORDON SCHOOL) ASSAM,0.12079697847366333,1,0.0,Assam
SONE AT CHACHAI M.P.,0.1206269022077322,4,0.25,Madhya Pradesh
GAMBHIRI RIVER NEAR OLD BUS STAND CHITTORGARH,0.12020461599935185,11,0.45454545454545453,Rajasthan
GODAVARI AT GODAVARIKHANI NEAR BATHING GHAT KARIMNAGAR,0.12009176505463463,7,0.42857142857142855,Telangana
WULAR AT SADERKOTE,0.11972566800458091,7,0.2857142857142857,Jammu And Kashmir
BEAS AT D/S KULU,0.11933559738099575,4,0.0,Himachal Pradesh
LOKTAK LAKE AT KARANG ISLAND,0.1191738098859787,4,0.5,Manipur
TUNGABHADRA RIVER AT ARAVI,0.11912399157881737,4,0.0,Karnataka
SINDH RIVER AT SONAMARG D/S,0.1191034959629178,8,0.0,Jammu & Kashmir
RIVER DAMODAR AT DURGAPUR U/S BURDWAN,0.1190558448433876,1,0.0,West Bengal
KALI AT U/S OF WCPM DANDELI,0.11897983277837436,3,0.0,Karnataka
NARMADA AT GORA BRIDGE NAVAGAM (GUJARAT),0.11895744502544403,1,0.0,Gujarat
BAITARNI RIVER AT NAIGARH,0.11887484975159168,4,0.0,Odisha
GODAVARI AT BHADRACHALAM U/S BATHING GHAT KHAMMAM,0.11881181970238686,7,0.0,Telangana
RIVER BETWA AT U/S AT MAHUTA GHAT AGASOD,0.11876215636730195,5,0.0,Uttar Pradesh
BANGANGA (IN FRONT OF PONY SHED NEAR REASI BRIDGE)KATRA,0.11874003791146809,9,0.5555555555555556,Jammu & Kashmir
BEAS AT D/S DEHRAGOPIPUR,0.11859348695725203,4,0.0,Himachal Pradesh
PAMBA DOWN KERALA,0.11853630468249321,2,0.0,Kerala
BEAS AT D/S MANALI,0.1184807891647021,3,0.0,Himachal Pradesh
PERIYAR LAKE AT THEKKADY KERALA,0.11818584640111242,14,0.0,Kerala
DAMODAR AT DOMGARH WATER WORKS D/S SINDRI,0.11792861297726631,2,0.0,Jharkhand
SABULIA NADI NEAR RAMBHA (AT JAGANNATHPATNA),0.1175043558080991,3,0.0,Odisha
RIVER PABBAR U/S HATKOTI,0.1173865074912707,6,0.0,Himachal Pradesh
KISINDAJHOR AT KHARAGPRASAD,0.11734964698553085,1,0.0,Odisha
JEEWACH GHAT DARBHANGA,0.11729816099007924,3,0.3333333333333333,Bihar
MANJHI KHAD U/S DHARAMSHALA OF KHANIYARA,0.11717338860034943,1,0.0,Himachal Pradesh
RIVER GIRI U/S PROPOSED SITE OF SRI RENUKAJI DAM SITE.,0.11706989134351413,3,0.0,Himachal Pradesh
SEA WATER AT GANAPATIPULE RATNAGIRI RATNAGIRI,0.11682023480534554,2,0.0,Maharashtra
SATLUJ AT 1 KM. D/S OF ZENITH PUNJAB,0.1167751420289278,8,0.0,Punjab
CHANDRABHAGA D/S OF PANDHARPUR TOWN GURSALE PANDHARPUR SOLAPUR,0.11666447296738625,4,1.0,Maharashtra
TUNGA AT D/S OF SHIMOGA TOWN,0.11662263423204422,1,1.0,Karnataka
PARAMASIVAM WATER SERVICE STATION BLOCK NO.13 BSNL EXCHANGE OPPOSITE METTUR DAM ? 636 402.,0.1165824607014656,2,0.0,Tamil Nadu
BURHI GANDAK AT AKHARAGHAT MUZAFFARPUR,0.11651903763413429,2,0.5,Bihar
GANGAVALI RIVER NR BRIDGE ANKOLA,0.1164446547627449,3,0.0,Karnataka
LUKHA RIVER AT SUNAPUR (TRIBUTARY OF LUNAR),0.11627551764249802,10,0.0,Meghalaya
MARKANDA POKHARI ( RILIGIOUS POND OF PURI CITY),0.11615869402885437,1,1.0,Odisha
KAPILI RIVER AT DHARMTUL BRIDGE NH-31 NAGAON ASSAM,0.11592079699039459,2,0.0,Assam
SIKRAHNA AT CHANPATIYA EAST CHAMPARAN,0.11587005108594894,1,1.0,Bihar
RAVI AT D/S OF CHAMBA TOWN,0.11559604853391647,3,0.0,Himachal Pradesh
CAUVERY D/S OF KR NAGAR BRIDGE,0.11557398736476898,1,0.0,Karnataka
SEONATH AT RAJNANDGAON D/S AT MOHAD RAJNANDGAON CHHATISGARH.,0.11549617740369979,21,0.0,Chhattisgarh
THELKOI JHARSUGUDA,0.11542131751775742,1,0.0,Odisha
CARAMBOLIM LAKE,0.11519219540059566,4,0.25,Goa
BRAHMAPUTRA RIVER AT DHUBRI ASSAM,0.11509150266647339,2,0.0,Assam
R CORAPUZHA AT KANAYANKODE,0.11484196968376637,2,0.0,Kerala
PAGLDIA RIVER NEAR NALBARI TOWN DIST. NALBARI ASSAM,0.11458665877580643,2,0.0,Assam
UMIAM LAKE ATNEAR UNITED CHRISTIAN COLLEGE,0.11445875838398933,4,1.0,Meghalaya
RAMAPPA LAKE WARANGAL,0.1143643135825793,3,0.3333333333333333,Andhra Pradesh
RIVER NEUGAL (WATER SUPPLY SCHEME PALAMPUR TOWN BANDLA PALAMPUR,0.11410081386566162,2,0.0,Himachal Pradesh
RIVER SATLUJ D/S CONFLUENCES OF RIVER TIDONG,0.11384222656488419,4,0.0,Himachal Pradesh
IRIL RIVER AT LILONG,0.11378000304102898,4,0.75,Manipur
R BHARATHAPUZHA AT PATTAMBI,0.113661028444767,2,0.0,Kerala
GAI NADI/ RIVER AT SOMARAJAN DHEMAJI,0.11351093649864197,1,0.0,Assam
KLUIN NALLAH U/S IPH WATER SUPPLY SCHEME (FOR CHAMBA TOWN),0.11334426701068878,2,0.0,Himachal Pradesh
NAGAVALI AT JAYKAYPUR D/S,0.1133289635181427,2,0.0,Odisha
KULSI RIVER AT CHAYGAON NEAR NH37 CROSSING,0.11331172287464142,1,0.0,Assam
TUNGABHADRA AT U/S OF HPF,0.11301559954881668,1,0.0,Karnataka
BETWA AT U/S NEAR ROAD BRIDGE ORCHHA,0.11287855605284373,3,0.0,Madhya Pradesh
RIVER DEVAK 2 KM D/S FROM SHIV MANDIR AT UDHAMPUR,0.11219576746225357,2,0.0,Jammu And Kashmir
TUIRIAL DAM TUIRIAL HEPP SAIPUM VILL,0.11159733589738607,4,0.0,Mizoram
SWETAGANGA ( RILIGIOUS POND OF PURI CITY),0.11156520992517471,1,1.0,Odisha
TUNGABHADRA AT DADESUGUR BRIDGE GAUGING STATION,0.11150521536668141,3,0.0,Karnataka
KMEUM RIVER AT RYMBAI,0.11127135753631592,5,1.0,Meghalaya
NARMADA RIVER AT SHAHASTRADHARA (JALKOTI),0.11082958243787289,22,0.0,Madhya Pradesh
BAITARNI RIVER AT UNCHABALI,0.11060048639774323,3,0.0,Odisha
LIDDER NALLAH AT CLUB PARK,0.11037174426019192,4,0.0,Jammu And Kashmir
GIRI RIVER D/S LWSS AT SAINJ,0.11024950196345647,3,0.0,Himachal Pradesh
TLAWNG RIVER SUARPUI BAIRABI HEPP DAM SITE BAIRABI VILL,0.11017372496426106,5,0.0,Mizoram
R UPPALA AT UPPALA BR.,0.11007985882461072,5,0.0,Kerala
SAIPEM LAKE,0.11007562465965748,4,0.5,Goa
WULAR AT ZALWAN,0.10986961238086224,8,0.375,Jammu & Kashmir
SUBAREKHA AT GHATISLA ROAD BRIDGE,0.10983599722385406,6,0.0,Jharkhand
GUMTI RIVER AT RAJDHARNAGAR SOUTH TRIPURA,0.10979414079338312,8,0.0,Tripura
CHALLUI LENGPUI,0.10952054709196091,1,1.0,Mizoram
JOHILA NEAR NAROJABAD NEAR UMARIA ROAD BRIDGE M.P,0.10945600643754005,2,0.0,Madhya Pradesh
GANDAK AT REWAGHAT MUJAFFARPUR,0.10937437787652016,2,1.0,Bihar
RIVER SATLUJ D/S CONFLUENCES OF RIVER BASPA,0.10934458114206791,2,0.0,Himachal Pradesh
MANDA RIVER (DUDHAI RIVER) AT WAGAISI,0.10923606902360916,1,0.0,Meghalaya
NARMADA AT DINDORI D/S AFTER MIXING TO CITY DOMESTIC NEAR JOGOTIKARIA GHAT,0.10919120162725449,1,0.0,Madhya Pradesh
CHOUPAN AT VIJAYPUR 100 METRE D/S OF NFL NALLA GUNA,0.1090554092079401,4,0.0,Madhya Pradesh
RIVER GIRI D/S RAJGARH TOWN,0.1090061217546463,1,0.0,Himachal Pradesh
TONS RIVER SIRMAUR HIMACHAL PRADESH,0.10895469337701798,5,0.0,Himachal Pradesh
YAMUNA AT HATHNIKUND YAMUNANAGAR,0.10844995081424713,7,0.42857142857142855,Haryana
UJAD AT BHIM SAGAR DAM UPSTREAM  JHALAWAR RAJASTHAN,0.10831434279680252,1,0.0,Rajasthan
KAMALA RIVER AT JAYNAGAR,0.10816723853349686,4,0.5,Bihar
YAMUNA AT HATHNIKUND,0.10772618154684703,3,0.0,Haryana
GANG CANAL AT KHAKKA HEAR NEAR HINDUMAL KOT GANGANAGAR RAJASTHAN,0.10769281536340714,6,0.0,Rajasthan
COLVA BEACH,0.10742931192119916,9,0.0,Goa
MAHE RIVER,0.10727322101593018,1,0.0,Kerala
BANSAGAR CANAL WATER SAMPLE AT BAGHWAR VILLAGE NEAR TOL PLAZA DIST SIDHI,0.10726507753133774,1,0.0,Madhya Pradesh
BASPA AT U/S RESERVOIR BASPA PROJECT,0.10725137591362,1,0.0,Himachal Pradesh
SURYA RIVER U/S OF SURYA DAM DHAMMI VIKRAMGAD THANE,0.10705027729272842,2,1.0,Maharashtra
"MID PENNAR RESERVOIR, PENAKACHERLA (V), GARLADINNE (M)",0.10704851523041725,2,0.0,Andhra Pradesh
AFTER CONFLUENCE OF RANICHU AND RORACHU AT RANIPOOL,0.10704316074649493,3,0.0,Sikkim
KOSHI RIVER AT MADHEPURA,0.10696429759263992,3,1.0,Bihar
MALPRABHA AT D/S OF KHANAPUR VILLAGE,0.10689029097557068,1,0.0,Karnataka
GAROBADHA,0.10664772242307663,1,0.0,Meghalaya
VAMSADHARA AT MUNIGUDA (D/S OF M/S VEDANTA ALUMINA PROJECT),0.1063074991106987,1,0.0,Odisha
UMIAM MAWPHLANG RIVER AT SHELLA,0.10599325373768806,5,0.0,Meghalaya
WAINGANGA AT CHHAPARA NEAR ROAD BRIDGE AFTER MIXING MOTI & CHAMARIYA NALLA JABALPUR,0.10591666772961617,2,0.0,Madhya Pradesh
SIKRAHNA RIVER AT LAUREA HARINAGAR ROAD BRIDGE,0.10587283223867416,1,0.0,Bihar
KUSHIARA RIVER AT KARIMGANJ ASSAM,0.10585563629865646,2,0.0,Assam
NARMADA RIVER AT DHARESHWAR,0.10577341169118881,2,0.0,Madhya Pradesh
SIKRAHNA RIVER AT LAL PARSE BITTIAH EAST CHAMPARAN,0.10563158243894577,2,0.5,Bihar
CHAMBAL ENTERING IN RAJASTHAN AT GANDHI SAGAR DAM KOTA RAJASTHAN,0.10543405637145042,3,0.3333333333333333,Madhya Pradesh
MOBOR BEACH,0.10509942037363847,6,0.0,Goa
D/S OF SILABATI AT GHATAL MEDINIPORE(W),0.10498607655366261,3,0.6666666666666666,West Bengal
DHALAI RIVER AT KAMALPUR D/S DHALAI,0.10489805894238609,7,0.0,Tripura
BHADRA AT U/S OF MPM,0.10483412072062492,2,0.0,Karnataka
BHARGAVI AT CHANDANPUR,0.10480786114931107,1,0.0,Odisha
BANAS AT TRIVENI SANGAM BHILWARA,0.10474883232797895,7,0.0,Rajasthan
D/S OF TARAPITH ON RIVER DWARKA SATIGHAT,0.10469166561961174,2,0.5,West Bengal
NARMADA RIVER AT SEMALDA U/S OF BARWANI,0.10417793970555067,4,0.0,Madhya Pradesh
MANALSU NALLAH BEFORE CONFLUENCE TO RIVER BEAS,0.10393665730953217,1,0.0,Himachal Pradesh
SONE AT ORIGINE AMARKANTAK M.P,0.1035950779914856,1,0.0,Chhattisgarh
PENGANGA RIVER NEAR WATER SUPPLY SCHEME OF UMARKHED MC BELKHED UMARKHED YAVATMAL,0.10355327278375626,1,1.0,Maharashtra
TONS AT CHAKGHAT M.P.,0.10341288447380066,5,0.0,Uttar Pradesh
"RIVER SUBARNAREKHA AT JHARKHAND - ODISHA  BORDER, MEDINIPORE(W), WEST BENGAL",0.10336706787347794,1,0.0,West Bengal
KARAMBAVANE CREEK AT CHIPLUN KARAMBAVANE RATNAGIRI,0.1032705307006836,1,0.0,Maharashtra
RIVER BEAS D/S OF WPF AT MANALI,0.1032360369960467,3,0.0,Himachal Pradesh
MANIPUR RIVER AT THOUBAL,0.10323295866449674,3,1.0,Manipur
GALGIBAG BEACH,0.10306603461503983,1,0.0,Goa
CAUVERY D/S OF KUSHALANAGAR TOWN,0.10303252190351486,2,0.0,Karnataka
FROM NARMADA MAIN CANAL AT INDORAHMEDABAD HIGHWAY BRIDGE NEAR VILLAGE MOTIKANTADI TAL GODHRA DIST P,0.10301881598738524,13,0.0,Haryana
KAMALA RIVER AT DARBHANGA,0.10266752541065216,2,0.5,Bihar
BEACH RD RUSHIKONDA BHEEMUNIPATNAM ANDHRA PRADESH,0.10196421792109807,6,0.0,Andhra Pradesh
NEAR NUAPADA GOVT. HOSPITAL,0.10191749781370163,1,1.0,Odisha
NONBAH RIVER AT NANGSTOIN MARKE,0.10170688480138779,1,1.0,Meghalaya
TUNGA RIVER U/S SHIVAMOGGA CITY,0.10141745582222939,2,0.0,Karnataka
KAMALABARI LAKE INSIDE KAMALABARI CHILDRENS PARK GELEKY,0.10139636136591434,2,0.0,Assam
GAMBHIRI DAM NIMBAHERA-TEHSIL CHITTORGARH,0.10136460396461189,8,0.125,Rajasthan
RIVER GODAVARI AT KALESHWARAM 500 MTS.BEFORE BATHING GHAT,0.10130014270544052,1,0.0,Telangana
RAVI AT U/S OF MADHOPUR HEADWORKS GURDASPUR PUNJAB,0.10124652981758117,10,0.0,Punjab
LANGMEIDONG PUKHURI AT THOUBAL,0.10109103191643953,2,0.5,Manipur
RIVER SINQUERIM (CANDOLIM SIDE NEAR BRIDGE),0.10102817167838414,6,0.16666666666666666,Goa
CHALIYAR AT NILAMBUR MALAPPURAM,0.10069611761718988,4,0.0,Kerala
R KADALUNDI AT HAJIRAPPALLY,0.1006660908460617,2,0.0,Kerala
CONFLUENCE OF BOKARO & DAMODAR RIVER NEAR ZARANGDIH BRIDGE BOKARO,0.10063900798559189,2,0.0,Jharkhand
RIVER SAL NEAR HOTEL LEELA MOBOR CAVELOSSIM,0.10050528248151143,6,0.0,Goa
HORDAI PUKHURI CHARAIDEW ASSAM,0.10001928607622783,6,0.0,Assam
PHAKAL CHERUVU NARSAMPET,0.10000170953571796,4,0.0,Andhra Pradesh
KRISHNA - ANKALI BRIDGE ALONG CHIKKODI KAGWAD ROAD,0.09988759458065033,1,0.0,Karnataka
TUT RIVER NEAR DAPCHHUAH VILLAGE,0.09984545186161994,5,0.0,Mizoram
MANU RIVER AT MANUGHAT CONFL POINT OF CHAWMANU CHARRA & MANU RIVER DHALAI,0.09978225827217102,6,0.0,Tripura
SEA WATER BAY OF BENGAL KOTHAPATNAM BEACH,0.09951157867908478,2,0.0,Andhra Pradesh
BUDHABALANGA AT BALASORE U/S,0.09947379181782405,3,0.0,Odisha
CHOUPAN AT VIJAYPUR U/S NFL NALLA GUNA,0.09935245849192142,4,0.0,Madhya Pradesh
BHADRA AT D/S OF BHADRAVATHI,0.09913325309753418,1,1.0,Karnataka
SATLUJ AT U/S SLAPPER,0.09892992954701185,4,0.0,Himachal Pradesh
INFTING WATER SUPLY SCHEME SAMSHI NEAR SABJI MANDI BHUNTAR TEHSIL KULLU DISTT KULLU,0.09890948235988617,1,0.0,Himachal Pradesh
TAMBIRAPARANI AT BDG.NR. MADURA COATS LTD.PAPAVINASAM TAMILNADU,0.09880671463906765,2,0.0,Tamil Nadu
GANGA AT KALA KANKAR RAEBARELI,0.09878806620836258,10,0.9,Uttar Pradesh
HAZARIBAGH MEETHAJHIL,0.09875418245792389,2,0.0,Jharkhand
SURAN RIVER RIVER BELOW SHER-E-KASHMIR BRIDGE AT POONCH,0.09830378741025925,1,0.0,Jammu & Kashmir
WENA RIVER AT D/S OF MOHATA MILLS NR RD BRG ON HINGANGHAT-WADNER ROAD HINGANGHAT WARDHA,0.09823143109679222,2,1.0,Maharashtra
TAMBIRAPARANI AT ERAL THOTHUKUDI TAMILNADU,0.09821216575801373,4,0.5,Tamil Nadu
SINGDA JHOR (TALCHER KANIHA ROAD BRIDGE BALANGI),0.0981525108218193,1,0.0,Odisha
CAUVERY AT PUGALUR KARUR TAMILNADU,0.09807445853948593,2,0.0,Tamil Nadu
DAMODAR D/S BHAIRABI AT RAJRAPPA,0.09787289053201675,1,0.0,Jharkhand
BANARPAL TALCHER,0.09782002866268158,1,0.0,Odisha
CHAPOLI DAM,0.09765784194072087,6,0.0,Goa
BRAHMANI AT BHUBAN,0.09760691970586777,2,0.0,Odisha
R THALLASSERY AT PATHIPPALAM,0.09759324256862913,7,0.0,Kerala
BAITARNI AT DHAMRA,0.0973999947309494,2,0.0,Odisha
DHAROI DAM DIST. MEHSANA.,0.09739317589749892,6,0.0,Gujarat
JIADHAL RIVER/ KUMOTIYA RIVER NEAR JIADHAL BRIDGE DHEMAJI,0.0972346649505198,16,0.0,Assam
DAMODAR RIVER NEAR ZARANGDIH BRIDGE BOKARO,0.09707359224557877,1,0.0,Jharkhand
NAMBUL RIVER AT NAOREMTHONG,0.09693671762943268,1,1.0,Manipur
CHENAB AT L.H.S.(BELOW BRIDGE CHENAB),0.09693291550502181,8,0.0,Jammu & Kashmir
NALCO TOWNSHIP TALCHER,0.09683064371347427,1,0.0,Odisha
RIVER GIRI D/S PROPOSED SITE OF SRI RENUKAJI DAM SITE NEAR BRIDGE AT DADAHU- RENUKAJI,0.09681380912661552,2,0.0,Himachal Pradesh
RANICHU BEFORE CONFLUENCE WITH RIVER TEESTA AT SINGTAM SIKKIM,0.09658694639801979,2,0.0,Sikkim
INDIRA GANDHI FEEDER AT RAJASTHAN BORDER TEHSIL- TIBI,0.09649976460557234,19,0.0,Rajasthan
GANGA U/S VINDHYACHAL MIRZAPUR,0.09636579720037323,7,0.2857142857142857,Uttar Pradesh
CHORAL DAM NEAR INDORE,0.09627776965498924,2,0.0,Madhya Pradesh
RIVER TONS AT M.P-U.P BOUNDARY BEFORE MIXING RIVER BELAN CHAKGHAT REWA,0.09616859531716297,19,0.0,Madhya Pradesh
DEVI AT MACCHGAON,0.09612419735640287,4,0.0,Odisha
TAMBIRAPARANI AT SRIVAIKUNTAM D/S OF SK ANAICUT TIRUNELVELI TAMILNADU,0.09601545333862305,4,0.0,Tamil Nadu
SALAULIM LAKE AT SALAULIM - SANGUEM GOA,0.09594190679490566,6,0.0,Goa
TUNGABHADRA AT MANTHRALAYAM KURNOOL,0.09578274935483932,1,0.0,Karnataka
BAINA BEACH,0.0956109215815862,3,0.0,Goa
PAPAVINASANAM RESERVOIR TIRUMALA,0.09542906284332275,1,0.0,Andhra Pradesh
TUIRIAL UPPER CATCHMENT,0.0952657014131546,2,0.0,Mizoram
MUHARI RIVER AT BANKAR (INTERSTATE BOUNDRY) BELONIA SOUTH TRIPURA,0.09514200190703075,3,0.0,Tripura
BRAHMANI AT BONAIGARH,0.09496529400348663,1,0.0,Odisha
UMNGOT RIVER AT DAWKI,0.094812008153115,7,0.0,Meghalaya
TUIRIAL LOWER CATCHMENT,0.09470397979021072,3,0.0,Mizoram
YAMUNA AT DAK PATHER (UTTARAKHAND),0.09467275440692902,1,0.0,Himachal Pradesh
DAMODAR AT PHUSRO ROAD BRIDGE,0.09445962061484654,3,0.0,Jharkhand
BEAS AT D/S AUT,0.09437522788842519,3,0.0,Himachal Pradesh
MILAK RIVER AT TULI MOKOKCHUNG,0.09421526174992323,4,0.0,Nagaland
PABBAR AT U/S DHAMBARI,0.09384708106517792,1,0.0,Himachal Pradesh
RIVER VALAPATTANAM AT PARASSINIKADAVU KANNUR,0.09375945664942265,4,0.0,Kerala
DISANG AT GUNDAMGHAT ASSAM,0.09375594075148304,12,0.0,Assam
NARMADA U/S BEFOR CONFLU. RIVER TAWA NEAR BANDRABHAN,0.09312564134597778,1,0.0,Madhya Pradesh
RAVI AT U/S CHAMBA,0.09307846054434776,2,0.0,Himachal Pradesh
GANGA AT MOKAMA (D/S),0.0929764062166214,3,0.0,Bihar
JALANGI D/S OF KRISHNA NAGAR NADIA,0.09285715315490961,4,0.5,West Bengal
"SHUKRA TAL GHAT (CONFLUENCE OF BAANGANGA AND SALONI RIVER), MUZAFFARNAGAR,",0.0924222320318222,1,0.0,Uttar Pradesh
BEAS AT EXIT OF TUNNEL DEHAL POWER HOUSE,0.09219830110669136,2,0.0,Himachal Pradesh
DENWA NEAR SARNI ROAD BRIDGE,0.09209470450878143,2,0.0,Madhya Pradesh
LUKHA RIVER AT MYNDIHATI (TRIBUTARY OF LUNAR),0.09200415387749672,8,1.0,Meghalaya
SONE AT KOELWAR BHOJPUR,0.09196857114632924,3,0.6666666666666666,Bihar
URMODI RIVER NAGTHANE SATARA,0.09196373075246811,1,1.0,Maharashtra
GANGA RIVER AT WATER INTAKE POINT BHAGALPUR,0.09149652872891988,17,0.47058823529411764,Bihar
GUMTI RIVER AT AMARPUR SOUTH TRIPURA,0.09114527143537998,4,0.0,Tripura
CAUVERY AT KUMBAKONAM THANJAVUR TAMILNADU,0.0908760279417038,3,0.0,Tamil Nadu
BRAHMPUTRA RIVER AT DHENUKHAPAHAR ASSAM,0.09085551649332047,2,0.0,Assam
D/S OF CAUVERY AT KANIVE RAMALINGESWARA TEMPLE BRIDGE KUSHALNAGAR,0.09074227139353752,2,0.0,Karnataka
KOEL AT BASIA DAM U/S JHARKHAND,0.09071095772087574,5,0.0,Jharkhand
"PATHAKOTHA CHERUVU, PATHAKOTHA (V), GUNTAKAL (M)",0.09060321748256683,1,0.0,Andhra Pradesh
SEONATH AT SHIMGA AFTER CONFL. WITH R. KHAROON CHHATISGARH.,0.09050322696566582,2,0.0,Chhattisgarh
RANGIT RIVER AT TRIVENI,0.09046144783496857,2,0.0,West Bengal
HASDEO RIVER 100 METER DOWNSTREAM AFTER CONFLUENCE OF DENGUR NALLAH NERA C.S.E.B. EAST GUEST HOUSE ,0.09041154301828808,9,0.0,Chhattisgarh
KUTTIYADY ESTATE KERALA,0.0902973140279452,3,0.0,Kerala
LAKSHMANTIRTHA AT D/S OF HUNSUR TOWN,0.09022299200296402,1,0.0,Karnataka
CHENAB AT BLIND CURVE SHAMSHAN GHAT (1.5 KM U/S FROM SPOT),0.09020829945802689,1,0.0,Jammu & Kashmir
LAMJAO PUKHURI AT ACHOUBA,0.09011698265870412,3,1.0,Manipur
DOWNSTREAM OF HASDEO RIVER NEAR URGA VILLAGE KORBA CHHATISGARH.,0.08989456668496132,7,0.0,Chhattisgarh
RIVER GIRI D/S PROPOSED SITE OF RENUKA DAM,0.08980503678321838,2,0.0,Himachal Pradesh
KRISHNA AT D/S OF ALAMATTI DAM,0.08970434963703156,1,0.0,Karnataka
BARAKAR AT MAITHAN DAM,0.089604452252388,16,0.0,Jharkhand
RIVER GANGA AT CHAMPANAGAR BHAGALPUR,0.08951087296009064,2,0.5,Bihar
IB AT SUNDARGARH,0.08950286234418552,3,0.0,Odisha
POCHERA WATER FALLS ADILABAD,0.0893391619126002,6,0.0,Telangana
CHHAPI DAM UPSTREAM  JHALAWAR RAJASTHAN,0.08932116565605004,6,0.0,Rajasthan
IB AT BRAJARAJNAGAR U/S,0.08926034718751907,1,0.0,Odisha
KANHARGAON STOP DAM WATER SUPPLY INTAKE OF CHHINDWARA TOWN,0.08923047222197056,2,0.0,Madhya Pradesh
NARMADA NEAR MORTAKKA BRIDGE BADWAH,0.08922030652562778,3,0.0,Madhya Pradesh
SAMPLE FROM NAGARJUNA SAGAR DAM SPILL WAY,0.08918384090065956,7,0.14285714285714285,Andhra Pradesh
GODAVARI AT POLAVARAM WEST GODAVARI DISTRICT,0.0891337152570486,4,0.0,Andhra Pradesh
JHELUM RIVER AT BARAMULLA D/S,0.08911767527461052,5,0.4,Jammu & Kashmir
MATHA BHANGA GOBINDAPUR NADIA,0.0888859461992979,4,1.0,West Bengal
TAMBIRAPARANI AT PAPPANKULAM TAMILNADU,0.08871722966432571,1,0.0,Tamil Nadu
RAVI AT AT CHAMERA RESERVOIR,0.08857143949717283,4,0.0,Himachal Pradesh
RIVER VALVANT AT SANKLI - BICHOLIM GOA,0.08848636411130428,4,0.25,Goa
OPENWELL AT TOULAZOUMA VILLAGE DIMAPUR,0.08845143765211105,1,1.0,Nagaland
TIRACOL BEACH,0.08842658177018166,20,0.0,Goa
RIVER DEVAK AT PURMANDAL NEAR TEMPLE,0.08820837736129761,1,0.0,Jammu & Kashmir
SARYU AT AYODHYA AT MAIN BATHING GHAT U.P.,0.08819035689036052,3,0.0,Uttar Pradesh
BRAHMANI AT SAMAL,0.08805612847208977,2,0.0,Odisha
GUMTI RIVER AT THIRTHAMUKH SOUTH TRIPURA,0.08801256368557613,3,0.0,Tripura
TLAWNG RIVER DOWNSTREAM BAIRABI,0.08793558645993471,4,0.0,Mizoram
TLAWNG RIVER SAIRANG,0.08791013062000275,4,0.0,Mizoram
GANGI AT ARA D/S,0.08784020412713289,4,1.0,Bihar
TEESTA AT SEVOKE SILIGURI DARJEELING,0.08760852473122734,7,0.14285714285714285,West Bengal
LOKTAK LAKE AT BISHNUPUR,0.08738082647323608,4,0.75,Manipur
DIGBOI RIVER AT LAKHIPATHE RESERVE FOREST DIGBOI ASSAM,0.08727442845702171,2,0.5,Assam
RIVER SATLUJ U/S CONFLUENCES OF RIVER TIDONG,0.08725108951330185,1,0.0,Himachal Pradesh
SONE AT WATER INTAKE POINT BHARTIYA RAIL BIJALI CO. LTD (BRBCL) NAVINAGAR AURANGABAD,0.08701431006193161,1,0.0,Bihar
SONO RIVER AT KANANDURGA ROAD NEAR REMUNA HATOGOND,0.08697427064180374,1,0.0,Odisha
SHANKNI RIVER A/C DANKANI RIVER DANTEWADA CHHATISGARH.,0.08684410899877548,2,0.0,Chhattisgarh
SONE RIVER AT BAHIYARA BHOJPUR,0.08675498217344284,5,0.2,Bihar
SPITI AT KHAB,0.08655712753534317,1,0.0,Himachal Pradesh
KRISHNA D/S OF SRISHAILAM KURNOOL,0.08649373302857082,6,0.0,Andhra Pradesh
NARMADA NEAR ROAD BRIDGE (D/S BARGI DAM) JABALPUR,0.08623049221932888,2,0.0,Madhya Pradesh
KRISHNA AT WADAPALLY AFTER CONFL. WITH R. MUSI(SHIFTED FROM 1220),0.08609120547771454,1,0.0,Andhra Pradesh
TAMBIRAPARANI AT KALLIDAI KURICHI TIRUNELVELI TAMILNADU,0.08604957163333893,1,0.0,Tamil Nadu
TONS AT BASEMAN MAMA TEMPLE NEAR PURWA FALL TEHSIL-SEMARIYA DIST- REWA,0.08601134270429611,1,0.0,Madhya Pradesh
SABARI AT KUNAVARAM KHAMMAM,0.08596891164779663,16,0.0,Andhra Pradesh
CHATHE AT MEDZIPHEMA DIMAPUR,0.08578314632177353,1,0.0,Nagaland
MAHI NEAR RAJASTHAN BORDER AT KADANA DAM,0.0856860947349797,23,0.0,Haryana
GODAVARI RIVER AT U/S OF AURANGABAD RESERVOIR KAIGAON TOKKA NEAR KAIGAON BRIDGEKAIGAON GANGAPUR AUR,0.08568025380373001,1,1.0,Maharashtra
SERLUI B DAM SERLUI'B'HEPP SITE BILKHAWTHLIR VILL,0.08562707854434848,8,0.0,Mizoram
MANEY KHOLA AT BURTUK NEAR ARMY BASE CAMP 4 KM U/S OF GANGTOK,0.08562268316745758,1,0.0,Sikkim
RIVER GANGA U/S NEAR LCT GHAT,0.0854594106785953,8,0.125,Jharkhand
KELO RIVER U/S OF RAIGARH CHHATISGARH.,0.08534686826169491,8,0.0,Chhattisgarh
PENNAR A/C WITH CHEYYURU SOMASILA NELLORE,0.0852744959294796,5,0.0,Andhra Pradesh
BHOGDOI RIVER AT JORHAT  ASSAM,0.0852736346423626,5,0.0,Assam
GODAVARI AT U/S OF GANGAPUR DAM NASHIK,0.085269246250391,3,0.0,Maharashtra
LILONG PUKHURI,0.08510544523596764,2,0.5,Manipur
PIPLAAD DAM BHAWANI MANDI,0.08508766889572143,5,0.4,Rajasthan
SIMSANG RIVER AT BAGHMERE,0.08504319687684377,3,0.0,Meghalaya
TAPI AT NEPANAGAR,0.08490848541259766,1,0.0,Madhya Pradesh
KALI AT D/S WEST COAST PAPER MILL (WCPM) ,0.08482062444090843,2,0.0,Karnataka
BASKANDI POND INSIDE THE BASKANDI MADRASA BASKANDI ASSAM,0.08474797755479813,1,0.0,Assam
KHUGA RIVER (LOCATION PL),0.08458903059363365,2,1.0,Manipur
MANDOVI AT TONCA MARCELA GOA,0.08443462724486987,6,0.0,Goa
SALANDI AT BHADRAK U/S,0.08442917714516322,3,0.0,Odisha
CUMBARJUA CANAL CORLIM(DISCHARGE POINT OF SYNGENTA LIMITED),0.08411557972431183,8,0.0,Goa
HEMAWAS DAM PALI RAJASTHAN,0.08404696981112163,3,0.0,Rajasthan
MEJA DAM BHILWARA (UPSTREAM OF KOTHARI RIVER,0.08402741700410843,1,0.0,Rajasthan
BAITARNI AT JAJPUR,0.08375440910458565,3,0.0,Odisha
SIMRAR AT KATNI NEAR ACC W/S INTAKE POINT JABALPUR,0.0837390348315239,1,0.0,Madhya Pradesh
CHITHE STREAM NR SIPMUI'S STP BETHELEM VENGTHLANG,0.0837208703160286,1,0.0,Mizoram
KARAKAVAGU D/S AT PALONCHA KHAMMAM,0.083433891646564,2,0.5,Andhra Pradesh
KRISHNA AT HAMSALADEEVI PULIGADDA AQUEDUCT NEAR AVANIGADDA(V) KRISHNA DISTRICT,0.0832485668361187,2,0.0,Andhra Pradesh
MAHANANDA AT THAKURGANJ KISHANGANJ ROAD BRIDGE KISHANGANJ,0.08302736096084118,4,0.5,Bihar
SWARNKEKHA RIVER AT BAHARAGORA ROAD BRIDGE P.O- BAHARAGORA E.S,0.08254326274618506,8,0.0,Jharkhand
VENKATPUR RIVER NR KADIVINAKATTE DAM,0.08244898170232773,1,0.0,Karnataka
LAMU RIVER AT LESHKA,0.08234617859125137,3,0.0,Meghalaya
BHAGIRATHI AT GANGOTRI,0.08226465433835983,1,0.0,Uttarakhand
BANJAR RIVER NEAR ROAD BRIDGE VILL. KHARRADHAR MALANJKHAND.,0.08188585191965103,2,0.0,Madhya Pradesh
GANGA RIVER AT BARH,0.08166000712662935,4,0.5,Bihar
SEA WATER BAY OF BENGAL VADAREVU BEACH CHIRALA,0.08163698762655258,3,0.3333333333333333,Andhra Pradesh
ACHANKOVIL AT KALLARAKADAVU PATHANAMTHITTA,0.08153796941041946,1,0.0,Kerala
IRIL RIVER AT KANGLA SIPHAI,0.0815350574751695,3,0.0,Manipur
RIVER SONE AT VILLAGE- KHAIRPUR NEAR ROAD BRIDGE M.P- U.P. BOUNDARY DISTT SIDHI,0.08130852226167917,4,0.0,Madhya Pradesh
RIVER DEVAK ABOUT 10 KM D/S FROM SHIV MANDIR BELOW RAILWAY BRIDGE UDHAMPUR,0.0811877609230578,8,0.0,Jammu & Kashmir
PARADEEP,0.08112184703350067,1,0.0,Odisha
GUMTI RIVER AT SUBHAS SETU DHAJANAGAR D/S UDAIPUR CITY SOUTH TRIPURA,0.08108488284051418,6,0.0,Tripura
TAMBIRAPARANI AT CHERANMADEVI CAUSE WAY TAMILNADU,0.08107639476656914,2,0.0,Tamil Nadu
RIVER MAPUSA ON CULVERT ON HIGHWAY MAPUSA-PANAJI,0.08103884756565094,3,0.6666666666666666,Goa
BUGI RIVER AT DALU,0.08082287593020333,9,0.0,Meghalaya
RIVER NAGAVALI NEAR WATER PUMP HOUSE (KILLIPALEM)  DOWN STREAM (D/S) OF SRIKAKULAM TOWN AFTER CONFL,0.0808122456073761,1,0.0,Andhra Pradesh
HASDEO AT U/S KORBA CHHATISGARH.,0.07981894786159198,6,0.0,Chhattisgarh
GODAVARI D/S OF RAMANUGUNDAM MANTHANI,0.07950256019830704,1,0.0,Telangana
GANGA AT D/S BUXAR NEAR ROAD BRIDGE,0.07908540467421214,6,0.3333333333333333,Bihar
SONE RIVER NEAR BANZARI ROHTAS,0.07892913557589054,2,0.0,Bihar
KRISHNA AT KRISHNA BRIDGE KARAD KARAD SATARA,0.07888101041316986,3,1.0,Maharashtra
RIVER TORSA D/S OF GHUGHUMARI,0.07869254797697067,1,1.0,West Bengal
RIVER GANGA AT BEHRAMPORE(KHAGRA) MURSHIDABAD,0.07863360568881035,5,0.6,West Bengal
MAHANADI AT KHARAD CHHATISGARH.,0.07827425980940461,8,0.0,Chhattisgarh
GANGA AT MANJHIGHAT(BIHAR),0.07813514644900958,3,1.0,Bihar
BURHI GANDAK RIVER U/S ROAD BRIDGE MUZAFFARPUR (NH),0.07763672123352687,3,0.6666666666666666,Bihar
HARHA RIVER AT BAGHA LAURIYA ROAD BRIDGE,0.07735273987054825,2,1.0,Bihar
CAUVERY AT THANJAVUR TAMILNADU,0.07724142447113991,2,0.0,Tamil Nadu
RIHAND RESRVOIR SINGRAULI,0.07716240268200636,4,0.0,Uttar Pradesh
CAUVERY AT NAPOKULU BDG (D/S),0.07705286890268326,1,0.0,Karnataka
ROURKELA FD/S AT BIRITOLA,0.07696228101849556,3,0.0,Odisha
GANGA AT SULTANGANJ BHAGALPUR,0.07678958214819431,4,0.25,Bihar
GABHARU RIVER NEAR BRIDGE AT NH-52 NEAR TUMIUKI SONITPUR,0.0767015591263771,1,0.0,Assam
MADVI SEA WATER NEAR JODHALE MARUTI TEMPLE MADVIGAON RATNAGIRI RATNAGIRI,0.07663295045495033,3,0.0,Maharashtra
ZUARI AT D/S OF PT. WHERE KUMBARJRIA CANAL JOINS GOA,0.07655381262302399,5,0.0,Goa
RANGIT RIVER AT LEGSHIP,0.07649647151785237,7,0.0,Sikkim
TAMBIRAPARANI AT ARUMUGANERI TAMILNADU,0.076464151032269,8,0.125,Tamil Nadu
VAMSADHARA AT GUNUPUR (INTERSTATE BOUNDRY),0.07584536448121071,2,0.0,Odisha
NARMADA RIVER AT DHARAMPURI,0.07577118873596192,5,0.0,Madhya Pradesh
GANGA AT U/S BHAGALPUR NEAR BARARIGHAT,0.07567017738308225,7,0.5714285714285714,Bihar
MAHANADI D/S (AFTER CONFL. WITH R. ONG SONEPUR U/S),0.07541440241038799,3,0.0,Odisha
RIVER KHANDEPAR AT CODLI NEAR BRIDGE  U/S OPA WATERWORKS SANGUEM,0.07529622688889503,5,0.0,Goa
LARSING RIVER NEAR LOCL DEPO AT MOINARBOND,0.07516313903033733,2,0.0,Assam
SUBARNAREKHA AT BEHRAGORA (JHARKHAND),0.07498272508382797,1,0.0,Odisha
NAGAVALI AT THOTAPALLI REGULATOR VIZIANAGARAM,0.07463913969695568,2,0.0,Andhra Pradesh
TUNGABHADRA RIVER AT MYLARA,0.07460639625787735,1,0.0,Karnataka
"ANNAMAYYA PROJECT ON CHEYYERU RESERVOIR, RAJAMPET",0.07453521806746721,2,0.0,Andhra Pradesh
U/S HARBORA RIVER WEST CHAMPARAN,0.07446349412202835,1,0.0,Bihar
POND AT LALAMBUNG,0.07415889650583267,5,0.6,Manipur
GHAGHARA NEAR CHAPRA RIBILGANJ SARAN,0.07368753105401993,1,0.0,Bihar
SIVASAGAR TANK (BORPUKHURI) NEAR SIVADOL ASSAM,0.07364786838491758,15,0.0,Assam
RIVER KRISHNA AFTER CONFLUENCE WITH RIVER MUSI AT VADAPALLI (V) BETWEEN ANDHRA PRADESH & TELANGANA ,0.07341785077005625,2,0.0,Andhra Pradesh
RILANG RIVER AT MAWKYRWAT,0.07320505380630493,2,0.0,Meghalaya
KATNI RIVER D/S NEAR MOHANGHAT KATNI,0.07315920479595661,2,0.0,Madhya Pradesh
ASANGI NALLA AT ASANGI VILLAGE,0.07305910252034664,4,0.0,Karnataka
VELSAO BEACH,0.07283152639865875,1,1.0,Goa
DAYA AT KANAS,0.07259647424022357,3,0.3333333333333333,Odisha
KRISHNA D/S OF ISLAMPUR WALWA SANGLI,0.0724731187025706,3,0.0,Maharashtra
D/S OF KANSI AT MIDNAPORE NEAR NEW HANUMAN MANDIR GANDHIGHAT MEDINIPORE(W),0.07243108749389648,2,1.0,West Bengal
BURHIDIHING NEAR DULIAJAN AT D/S TINSUKIA ASSAM,0.07226896211504936,5,0.0,Assam
RIVER TEESTA AT JALPESH,0.07214337214827538,5,0.4,West Bengal
LUKHA RIVER AT KHADDUM,0.07192563414573669,5,1.0,Meghalaya
MAHANADI AT SAMBALPUR U/S,0.07143444009125233,3,0.0,Odisha
TEESTA A/C WITH RANGICHU AFTER MEETING THE INDUSTRIAL EFFLUENTS FROM THE TOWN RANGPO,0.07142778610189755,12,0.08333333333333333,Sikkim
MANGALA AT PURI D/S GOLASAHI,0.07108099013566971,1,0.0,Odisha
PADIYATHADKA KERALA,0.071066003292799,3,0.0,Kerala
MORJIM BEACH,0.071017462387681,10,0.0,Goa
JHELUM AT BIJEHARA,0.07093862537294626,8,0.0,Jammu & Kashmir
LUNGLI TUIKHUR REPUBLIC VENG,0.0708162784576416,1,1.0,Mizoram
KATHAJODI AT CUTTACK D/S,0.07074024528265,1,0.0,Odisha
MAHANADI AFTER CONFL. WITH RIVER MAND CHHATISGARH.,0.07066572995649444,9,0.0,Chhattisgarh
RIVER TORSA AT HASIMARA,0.07058498449623585,2,0.0,West Bengal
MAHANADI POWER CHANNEL U/S,0.07053304836153984,4,0.0,Odisha
WAHREW RIVER AT MAJAI,0.070339635014534,2,0.0,Meghalaya
KARAPUZHA DAM AT WAYANAD,0.07030570739880204,4,0.0,Kerala
MAHANADI AT SHEORINARAYAN VILLAGE CHHATISGARH.,0.07028904780745507,5,0.0,Chhattisgarh
RIVER BRAHMANI AT DHARAMSHALA U/S,0.07025798886186546,27,0.0,Odisha
BAGMATI RIVER AT MUZAFFARPUR- SITAMARHI ROAD BRIDGE SITAMARHI,0.0700083278119564,5,0.6,Bihar
KUMARADHARA - U/S OF UPPINAGADY TOWN BEFORE CONFLUENCE WITH RIVER NETHRAVATHI,0.0698502982656161,3,0.0,Karnataka
VAGATOR BEACH,0.06975063681602478,7,0.0,Goa
RAMIALA NEAR KAMAKHYANAGAR,0.06974674885471661,3,0.0,Odisha
PARVATI NEAR VILLAGE BATAODAPAR M.P.,0.06956994719803333,2,0.0,Madhya Pradesh
KELO RIVER D/S OF RAIGARH CHHATISGARH.,0.06924284554340622,11,0.0,Chhattisgarh
KHARASROTA AT BINJHARPUR,0.06910187285393476,4,0.0,Odisha
TIKIRA AT KANIHA D/S,0.06903356189529102,3,0.0,Odisha
RIVER GANGA AT BEHRAMPORE (GORA BAZAR)MURSHIDABAD,0.06898510189993041,7,0.5714285714285714,West Bengal
BISULPUR DAM TONK RAJASTHAN,0.06887258935187544,7,0.14285714285714285,Rajasthan
SEKMAI RIVER KAKCHING,0.06873638555407524,2,1.0,Manipur
NARMADA AT MAHESHWAR M. P.,0.06873095780611038,1,0.0,Madhya Pradesh
GHATPRABHA AT W.A. POINT TO GOKAK TOWN,0.06870847381651402,2,0.0,Karnataka
BARAK RIVER AT N.H. 53 TAMENGLONG .,0.06868546456098557,1,0.0,Manipur
TEESTA AT MELLI DOWNSTREAM,0.06828969375540812,12,0.0,Sikkim
SONE AT OBRA AURANGABAD,0.06825223192572594,2,0.5,Bihar
RIVER SINQUERIM NEAR NERUL TEMPLE,0.06807032351692517,6,0.0,Goa
MAHANADI AT ARRANG RAIPUR CHHATISGARH.,0.06773484218865633,4,0.0,Chhattisgarh
RIVER KHANDEPAR AT OPA - PONDA GOA,0.06754240606512342,7,0.0,Goa
PHAGWARA,0.0674816220998764,1,1.0,Punjab
RIVER MANDOVI AT IFFI JETTY,0.06734520266763866,16,0.0,Goa
RUSSELKUNDA RESERVOIR,0.06725971773266792,24,0.0,Odisha
MAGURI BEEL GUIJAN TINSUKIA,0.06713657329479854,3,0.0,Assam
KONAR AT KONAR DAM,0.06697362512350083,5,0.0,Jharkhand
SANKH AT TIGRA RESERVOIR M.P.,0.06688249707221985,5,0.0,Madhya Pradesh
GANGA AT BAHARAMPORE MURSHIDABAD WEST BENGAL,0.06678064065900716,11,0.5454545454545454,West Bengal
NARMADA AT SARSWATIGHAT AFTER MIXING WITH BAWANGANGA RIVER JABALPUR,0.06677426397800446,3,0.0,Madhya Pradesh
MUHARI RIVER AT MUHARICHAR SOUTH TRIPURA,0.06667370349168777,2,0.0,Tripura
SABARMATI AT DHAROI DAM,0.06662095958987872,3,0.0,Gujarat
CREEK AT DANDO MOLLO VELSAO MAMUGAO,0.06646089442074299,4,0.0,Goa
RIVER CHAPORA NEAR ALORNA FORT  PERNEM,0.06637504803282875,7,0.14285714285714285,Goa
DHANSIRI AT GOLAGHAT ASSAM,0.06614907272160053,2,0.0,Assam
RIVER MANDOVI NEAR HOTEL MARRIOT,0.06592791793601853,7,0.0,Goa
DARNA RIVER AT ASWALI (DARNA DAM) LGATPURI NASHIK,0.06590599566698074,1,0.0,Maharashtra
GOHAD DAM GOHAD M.P,0.06565733626484871,2,0.0,Madhya Pradesh
WANGJING RIVER AT WANGJING,0.06543241441249847,1,0.0,Manipur
HASDEO AT U/S OF CHAMPA CHHATISGARH.,0.06533632911741734,10,0.1,Chhattisgarh
GANDAK RIVER GOPALGANJ PIPRAKOTHI ROAD BRIDGE (DUMARIA GHAT),0.06474911235272884,2,0.5,Bihar
BORPUKHURI NAZIRA ASSAM,0.06472612172365189,1,0.0,Assam
NARMADA NEAR W/S INTAKE JALLOD,0.06466604843735695,5,0.0,Madhya Pradesh
CHILLAR AT SHAJAPUR,0.06461073644459248,2,0.0,Madhya Pradesh
ZUARI AT PANCHAWADI,0.06460383410255115,6,0.0,Goa
SALANDI AT BHADRAK D/S,0.06447726488113403,1,0.0,Odisha
UMIUREM RIVER AT LALE,0.06444267928600311,2,1.0,Meghalaya
CAUVERY AT KRS DAM BALAMURIKSHETRA,0.0643822830170393,2,0.0,Karnataka
RIVER KUSHAWATI NEAR BUND AT KEVONA RIVON SANGUEM,0.06435537524521351,6,0.0,Goa
HIRANMEI PUKHURI AT THOUBAL,0.06427729316055775,2,1.0,Manipur
RANGIT RIVER AT RESHI,0.06423366796225309,10,0.0,Sikkim
RAJMAW PUKHURI JORHAT ASSAM,0.06418246279160182,3,0.0,Assam
KELWARA RESERVIOR N/V KELWARA TEHSIL-KUMBHALGARH DIST- RAJSAMAND (UPSTREAM OF KHARI RIVER),0.06397956423461437,4,0.0,Rajasthan
TAPI AT UKAI SHERULA BRIDGE,0.06394536197185516,5,0.0,Gujarat
TUIPUI RIVER CHAMPHAI,0.06367022011961256,7,0.0,Mizoram
BRAHAMPUTRA AT NIMATIGHAT ASSAM,0.0633876733481884,3,0.0,Assam
MAHANADI AT INTERSTATE BOUNDRY CHHATISGARH.,0.06331300895128932,7,0.0,Chhattisgarh
BURHIDIHING AT MARGHERITA ASSAM,0.06330973654985428,1,0.0,Assam
VAMSADHARA KALINGAPATNAM VIZIANAGARAM,0.06305249780416489,2,0.0,Andhra Pradesh
GANGA AT BUXAR,0.06291082377235095,3,0.3333333333333333,Bihar
GODAVARI AT RAJAHMUNDRY D/S DHAVALESWARAM EAST GODAVARI,0.06266786530613899,2,0.0,Andhra Pradesh
KHUGA DAM ON KHUGA RIVER,0.06240174795190493,3,1.0,Manipur
SHARAVATHI RIVER NR BRIDGE AT HONNAVARA,0.06238137558102608,1,0.0,Karnataka
KOEL U/S (AFTER CONFLUENCE OF RIVER KARO),0.062214143574237823,2,0.0,Odisha
BAGMATI RIVER AT DARBANGA SAMASTIPUR ROAD BRIDGE DARBHANGA,0.062203772366046906,4,0.25,Bihar
BRAHMANI AT RENGALI,0.061975207179784775,1,0.0,Odisha
WAINGANGA AT CHHAPARA NEAR W/S INTAKE POINT JABALPUR,0.06185147538781166,1,0.0,Madhya Pradesh
NARMADA N.H. 44 NEAR ROAD BRIDGE AT BARMAN. JABALPUR,0.06184615194797516,5,0.0,Madhya Pradesh
GANGA AT RAJMAHAL BIHAR,0.061739873886108396,10,0.0,Jharkhand
BRAHMANI AT MANDAPAL,0.06167934834957123,2,0.0,Odisha
CAUVERY AT KUSHAL NAGAR U/S (NEAR BAICHANAHALLI),0.06163296848535538,1,0.0,Karnataka
RIVER TEL (OVER ROAD BRIDGE STATE HIGHWAY -41 MANAMUNDA),0.06159003544598818,4,0.0,Odisha
POND AT KAKWA BAZAR,0.061501551419496536,1,1.0,Manipur
MIRAMAR BEACH,0.06148780013124148,3,0.0,Goa
TOCKLAI RIVER NEAR BRIDGE AT JORHAT,0.0611155703663826,1,0.0,Assam
NAMBUL AT HUMP BRIDGE,0.06101072579622269,2,1.0,Manipur
GAURISAGAR TANK GAURISAGAR ASSAM,0.06099920533597469,4,0.0,Assam
NARMADA AT KORIGHAT HOSHANGABAD,0.060703542083501816,1,0.0,Madhya Pradesh
RIVER NAGAVALI NEAR NH- 16 BRIDGE UPSTREAM (U/S) OF SRIKAKULAM TOWN BEFORE CONFLUENCE OF TOWN SEWAG,0.06067636236548424,1,0.0,Andhra Pradesh
RUMDER LAKE,0.06044621933251619,10,0.7,Goa
BEAS AT U/S PANDON DAM,0.060351609562834106,3,0.0,Himachal Pradesh
BHANWAR SEMLA DAM NEAR VILLAGE- DHOPAL,0.060085213432709374,6,0.16666666666666666,Rajasthan
UMIAM MAWPHLANG RIVER AT UMTYNGNGAR,0.06004212610423565,2,0.0,Meghalaya
SUVARANVATHI RESERVOIR ATTIGULLIPURA CHAMARAJANAGAR,0.059997811913490295,1,0.0,Karnataka
TEESTA A/C OF RIVERS LACHENCHU AND LACHUNGCHU AT CHUNGTHAANG,0.05989741471906503,12,0.0,Sikkim
CAUVERY AT KRS DAM MANDYA,0.059803454826275505,3,0.0,Karnataka
KALIANI RIVER NEAR KANAIGHAT BRIDGE KANAIGHAT,0.05974431335926056,4,0.0,Assam
RIVER GANGA AT SANGI DALAN,0.05955571308732033,9,0.0,Jharkhand
GANGA RIVER AT MUNGER,0.05941531714051962,4,0.5,Bihar
GOYSAGAR TANK SIBSAGAR ASSAM,0.058905915915966035,5,0.0,Assam
BORPUKHURI AT SONARI,0.0582965724170208,3,0.0,Assam
R MOGRAL AT MOGRAL BR.,0.057945734510819115,3,0.0,Kerala
TLAWNG DOWNSTREAM AIZAWL,0.05794302932918072,2,0.0,Mizoram
DIKCHU B/C WITH TEESTA NEAR NHPC HYDROELECTRIC POWER PROJECT,0.05773117450567392,13,0.0,Sikkim
WULAR AT LANKRISH PORA,0.057641200721263885,3,0.0,Jammu And Kashmir
NARMADA AT D/S OF VILL. JAIT,0.057585399597883224,1,0.0,Madhya Pradesh
GANGA AT KAHALGAON,0.05749544762074947,5,0.4,Bihar
BAITARNI RIVER AT CHAMPUA,0.05738991890102625,10,0.0,Jharkhand
NARMADA AT HOSHANGABAD D S M.P.,0.0573013573884964,3,0.3333333333333333,Madhya Pradesh
BURHIDIHING RIVER AT DULIAJAN (INTAKE POINT OF OIL INDIA LTD.) ASSAM,0.0571151627227664,4,0.0,Assam
RIVER CHAPORA AT SIOLIM,0.05708513110876083,5,0.0,Goa
PAMBA AT CHENGANNUR KERALA,0.05699915485456586,4,0.0,Kerala
CALANGUTE BEACH,0.05683262646198273,7,0.0,Goa
KHARSANG BEFORE CONFLUENCE WITH BURIDIHING NEAR KHARSANG (ASSAM-ARUNANCHAL BORDER) ASSAM,0.0565327238291502,2,0.0,Assam
DIKHOW RIVER AT DIKHOMUKH CONFLUENCE WITH BRAHAMPUTRA,0.05634596571326256,4,0.0,Assam
TLAWNG UPSTREAM AIZAWL,0.05591419835885366,3,0.0,Mizoram
GUNDAL RESERVOIR GUNDAL KOLLEGALA TQ & CHAMARAJANAGARA DIST,0.05564498466749986,3,0.0,Karnataka
TUICHHUAHAN STREAM KOLASIB,0.05562039092183113,1,0.0,Mizoram
THOUBAL RIVER AT SHONG KONG,0.05561141297221184,1,1.0,Manipur
RIVER GHAGHRA AT BARHALGANJ GORAKHPUR,0.05554930244882902,3,1.0,Uttar Pradesh
BAITARNI AT ANANDPUR,0.05532476119697094,2,0.0,Odisha
RIVER GANGA D/S NEAR JANTA GHAT,0.054837755393236876,8,0.0,Jharkhand
DAMODAR RIVER NEAR BERMO RAILWAY STATION BOKARO,0.054504845291376114,2,0.0,Jharkhand
KONAR RIVER NEAR SWANG COAL WASHERY BOKARO,0.05445675924420357,2,0.0,Jharkhand
KOSHI RIVER AT KURSHELA AT KATIHAR,0.05441048461943865,4,0.25,Bihar
RIVER JALDHAKA AT DHUPGURI,0.054243456572294235,1,0.0,West Bengal
NARMADA AT PUSKAR DAM AMARKANTAK,0.053892072290182114,5,0.0,Madhya Pradesh
BAITARNI RIVER AT TRIBINDHA,0.053766837964455284,3,0.0,Odisha
RIVER KEN NEAR ROAD BRIDGE AT PANNA CHHATARPUR,0.05355743505060673,2,0.0,Madhya Pradesh
BENNIOTHORA DAM KURKOTA VILLAGE,0.05342003330588341,2,0.5,Karnataka
PARVATI BEFORE MEETING RIVER CHAMBAL AT KHATOLI KOTA RAJASTHAN,0.053328691671291985,3,0.0,Rajasthan
RANJIT SAGAR RESERVOIR PUNJAB,0.05322955970962842,15,0.0,Jammu & Kashmir
CHOTA TAWA BEFORE CONFL. WITH RIVER NARMADA M.P.,0.05305907875299454,2,0.0,Madhya Pradesh
ATHARABANKI CREEK,0.05298282578587532,2,0.5,Odisha
MAHANADI AT HIRAKUD RESERVOIR,0.05238726486762365,3,0.0,Odisha
DAHA RIVER AT SIWAN,0.052287809550762177,1,1.0,Bihar
RANJIT SAGAR DAM AT PANAGAR (BASOHIL),0.05214147176593542,4,0.0,Jammu And Kashmir
KAKODONGA RIVER AT NH-37 CROSSING,0.052107881754636765,7,0.14285714285714285,Manipur
MANDOVI AT NEGHBOURHOOD OF PANAJI GOA,0.052042992785573006,5,0.0,Goa
INDIRA GANDHI CANAL AT SIRSA HANUMANGARH (RAJASTHAN),0.05198901705443859,3,0.6666666666666666,Rajasthan
RIVER MANDOVI AT PANAJI U/S,0.05194972828030586,6,0.0,Goa
PUKHRI AT LANGMEIDONG,0.05167469009757042,1,1.0,Manipur
BURHI GANDAK AT BARACHAKIA EAST CHAMPARAN,0.051641969755291936,5,0.4,Bihar
MAHANADI A/C WITH TEL (SONEPUR D/S),0.05150771513581276,2,0.0,Odisha
DIGARU RIVER AT NH CROSSING,0.05147035295764605,3,0.0,Assam
RIVER ZUARI AT BORIM BRIDGE,0.05098860487341881,5,0.2,Goa
SUFFRY RIVER AT MAIBELLA,0.05063798278570175,1,0.0,Assam
SEA WATER BAY OF BENGAL KRISHNAPATNAM PORT,0.050496164709329605,3,0.3333333333333333,Andhra Pradesh
DHANSIRI AT FULL NAGARJAN,0.05043773973981539,12,0.0,Nagaland
R NEYYAR AT ARUVIPURAM,0.05031421408057213,1,0.0,Kerala
ETHAI BARRAGE ON MANIPUR RIVER,0.050215774588286875,10,0.6,Manipur
BOGINADI NEAR BRIDGE NH-52 LAKHIMPUR ASSAM,0.050191450864076614,2,0.0,Assam
DHANSIRI AT BOKAJAN,0.05012715235352516,1,0.0,Assam
NAMBUL AT HEIRANGOITHONG,0.05002978886477649,8,1.0,Manipur
CHATHE RIVER NEAR CHRISTIAN INSTITUTE OF HEALTH SCIENCES AND RESEARCH (CIHSR) DIMAPUR,0.04991739327934655,11,0.0,Nagaland
KUNDLI RIVER AT KUNDLI/ SAPAKHOWA SADIA ASSAM,0.04989753073702256,6,0.0,Assam
LOWER MANAIR DAM KARIMNAGAR,0.04987143642372555,9,0.0,Telangana
BEAS AT D/S PANDOH DAM,0.04984224494546652,4,0.0,Himachal Pradesh
DHANSIRI AT NEAR CHECK GATE (DIMAPUR KHUTKHUTI ROAD),0.049665873153851584,13,0.0,Nagaland
DZUDZA RU IN KOHIMA,0.049387991428375244,2,0.0,Nagaland
DIKRONG RIVER AT NIRJULI,0.049379726871848106,2,0.5,Arunachal Pradesh
RIVER TIRACOL AT TIRACOL,0.04912734031677246,7,0.0,Goa
RIVER ZUARI AT MARCAIM JETTY,0.04910932295024395,4,0.0,Goa
GOPALPUR,0.04899968082706133,3,0.0,Odisha
POND AT MOIDANGPOK,0.048919537415107094,3,0.6666666666666666,Manipur
SAKHISIH STREAM MISSION VENGTHLANG,0.04888994246721268,1,0.0,Mizoram
NARMADA AT D/S OF OMKARESHWAR M.P.,0.048843088249365486,3,0.0,Madhya Pradesh
GHAGHARA AT DEORIA D/S U.P.,0.04871025960892439,2,1.0,Uttar Pradesh
IMPHAL AT KIYAMGI,0.04862227197736502,4,1.0,Manipur
NEAR SOLID WASTE DISPOSAL SITE OF NAYAGARH NAC AT BHALUKHOLA VILLAGE,0.04859885200858116,1,1.0,Odisha
LINGIRA U/S OF ANGUL,0.04811409395188093,4,0.0,Odisha
MADHURA RIVER AT MADHURAGHAT CACHAR,0.04809492826461792,3,0.0,Assam
DHANSIRI AT BRIDGE NEAR PURANA BAZAAR NAGALAND,0.04782650519448977,13,0.07692307692307693,Nagaland
KABINI AT SARAGUR VILLAGE D/S,0.047756824642419815,1,0.0,Karnataka
BARAK RIVER AT D/S OF SILCHAR ASSAM,0.04769144859164953,4,0.0,Assam
U/S OF TARAPITH ON RIVER DWARKA AT SADHAK BAMDEB GHAT BIRBHUM,0.047649648040533066,3,0.6666666666666666,West Bengal
BOKARO AT ZARANGDIH BRIDGE,0.04752908150355021,3,0.0,Jharkhand
PANITHITTU,0.04750346019864082,1,1.0,Puducherry
BRAHAMPUTRA RIVER AT BOGIBEEL BRIDGE BOGIBEEL DIBRUGARH,0.04727227985858917,1,0.0,Assam
KUSEI BEFORE JOINING WITH BAITARANI RIVER AT ANANDPUR DEOGAON,0.04716162631909052,3,0.0,Odisha
DZUNA RU (CONFLUENCE OF DZUCHA & DZUNA RU) IN KOHIMA,0.047118429094552994,1,0.0,Nagaland
DZUCHA RU IN KOHIMA,0.046662915498018265,1,0.0,Nagaland
DISANG RIVER AT NH CROSSING,0.045986002311110497,6,0.0,Assam
NANDIRA D/S AT DASNALI,0.04598541371524334,4,0.0,Odisha
WARDHA RIVER AT U/S OF ACC GHUGGUS.  CHANDRAPUR CHANDRAPUR,0.04574236273765564,1,1.0,Maharashtra
KHARASROTA AT KHANDITARA (D/S OF INDUSTRIAL ACTIVITIES AT KALINGA NAGAR),0.04570249535143375,25,0.0,Odisha
BHADRA RIVER D/S MPM BHADRAWATI SHIVAMOGGA DIST,0.04569857008755207,2,0.0,Karnataka
ROAD BRIDGE-DEHRI-ON-SONE ROHTAS,0.045643020421266556,1,1.0,Bihar
KYNSHI RIVER AT RANIKOR,0.04563959753688644,17,0.0,Meghalaya
KHARASROTA AT AUL,0.04544299184566453,21,0.0,Odisha
UMSHYRPI RIVER AT LAW COLLEGE DHANKETI,0.0452682189643383,1,1.0,Meghalaya
CHILKA AT RAMBHA,0.045219135781129204,3,0.0,Odisha
UMKHRAH RIVER AT DEMTHRING SHILLONG,0.04488071302572886,3,1.0,Meghalaya
PURI,0.04477250948548317,2,0.0,Odisha
PHE WATER RESERVOIR TLAWNG RIVER WATER TUIKHUAHTLANG AIZAWL,0.04471665807068348,3,0.0,Mizoram
CHHIMTUIPUI RIVER KAWLCHAW,0.04467606358230114,4,0.0,Mizoram
YAMUNA AT U/S OF LAKHWAR DAM,0.04462786710688046,7,0.0,Uttarakhand
NARMADA NEAR BHAIRAV TAMPLE AT SHHASTRADHAR MANDLA,0.04423237917944789,4,0.0,Madhya Pradesh
KUPLI RIVER AT KHANDONG,0.044131552490095295,6,1.0,Meghalaya
BURHI GANDAK AT Z ROAD BRIDGE SAMASTIPUR,0.04354881991942724,3,0.6666666666666666,Bihar
KAMALA RIVER AT BENIPATTI (MADHUBANI),0.043465523049235344,2,0.5,Bihar
SUBANSIRI AT GEREKAMUKH (BEFORE CONFL. WITH BRAH.) ASSAM,0.04337538406252861,1,0.0,Assam
TUIPUI U/S NR CONFLUENCE PT KEILUNGLIAH STREAM VENGTHAR CHAMPHAI,0.042740840930491686,4,0.0,Mizoram
IMPHAL RIVER AT SAMUROU,0.042671116068959236,2,1.0,Manipur
AJAY RIVER AT MASANJORE DAM,0.042604883878745815,22,0.0,Jharkhand
DHANSIRI RIVER NEAR BRIDGE AT NH-15 DHANSIRI BHALUKMARI JUNGLE UDALGURI,0.04255758970975876,1,0.0,Assam
KALI SINDH AT ANICUT OF M/S CFCL GADEPAN KOTA RAJASTHAN,0.0425014790147543,5,0.2,Rajasthan
BAITARNI AT CHANDBALI U/S,0.042464977130293846,2,0.0,Odisha
SONE AT INDRAPURI DEHRI ON SONE ROHTAS,0.04243536169330279,3,0.0,Bihar
BHOGDOI RIVER (PUJADUBI GHAT) INTAKE POINT OF URBAN WATER SUPPLY JORHAT,0.04225719999521971,4,0.0,Assam
AMARAVILA KERALA,0.04192717187106609,4,0.0,Kerala
MYNTDU RIVER AT MIHMYNTDU,0.04156528785824776,2,0.0,Meghalaya
DIKRONG RIVER NEAR BRIDGE AT NH-52 BANDARDEWA,0.04156514070928097,2,0.0,Assam
RANGIT RIVER AT DAM SITE (NHPC),0.041260166035499424,16,0.0,Sikkim
KONAR AT TILAYA DAM,0.04122867062687874,2,0.0,Jharkhand
KRISHNA AT U/S OF UGARKHURD BARRAGE,0.04106791503727436,2,0.0,Karnataka
BRAHMANI AT KABATABANDHA (BEFORE IMPACT OF INDUSTRIAL ACTIVITY IN KALINGANAGAR AREA),0.040863242000341415,1,0.0,Odisha
UMIAM MAWPHLANG RIVER AT MAWPHLANG,0.04066462814807892,2,0.0,Meghalaya
HEMAVATI AT D/S OF HOLENARASIPURA TOWN AT RAMADEVALA WEIR,0.040516442619264126,2,0.0,Karnataka
TUIPUI DARZOKAI RIVER CHHIMTUIPUI TUIPUI D VILL,0.04034455772489309,10,0.0,Mizoram
MAHANADI AT PARADEEP U/S (BEFORE INDUSTRIAL ACTIVITY AT PARADEEP),0.04025821201503277,2,0.0,Odisha
DIKHOW RIVER AT NAGINI MORA (INTER-STATE BOUNDARIES ASSAM-NAGALAND),0.039981579517616946,17,0.0,Nagaland
NANPUR FATA DAM ALIRAJPUR,0.03991631977260113,4,0.0,Madhya Pradesh
R NEELASWARAM AT NAMBIARKAL DAM,0.039852920919656754,3,0.0,Kerala
HITKASA TAILING DAM RAJHARA CHHATISGARH.(DALLI RAJHARA IRON ORE MINES DALLI RAJHARA),0.039642575507362686,9,0.2222222222222222,Chhattisgarh
GANGA AT U/S SULTANGANJ BHAGALPUR,0.0388923991471529,5,0.4,Bihar
DHANARI DAM NEAR SWAROOPGANJ SIROHI RAJASTHAN,0.038821486523374915,8,0.0,Rajasthan
BARAK RIVER AT SENAPATI,0.038732703775167465,2,0.0,Manipur
SEA WAER BAY OF BENGAL AFTER CONFLUENCE OF MARINE OUTFALL OF M/S MATRIX LABORATORIES LTD THAMMAYYAP,0.03859628519664208,6,0.16666666666666666,Andhra Pradesh
INDRAVATI AT NAWARANGPUR,0.03858500253409147,4,0.0,Odisha
NARMADA AT CHANDANGHAT NEAR ROAD BRIDGE,0.03857218474149704,1,0.0,Madhya Pradesh
SONE RIVER AT NASIRIGANJ DAM ROHTAS,0.03851712495088577,1,0.0,Bihar
NGENGPUI STREAM NR KALADAN MULTI MODAL RD NGENGPUI,0.0383840948343277,2,0.0,Mizoram
BRAHMANI AT TALCHER FD/S,0.037598023656755686,4,0.0,Odisha
NARMADA NEAR ROAD BRIDGE JHANSINGHAT JABALPUR,0.03723999857902527,1,0.0,Madhya Pradesh
IB AT BRAJARAJNAGAR (INTAKE) D/S,0.03721200302243233,2,0.0,Odisha
DHANSIRI AT TOWN BOUNDARY BRIDGE (DIPHU ROAD),0.03686787560582161,2,0.0,Assam
KUPLI RIVER AT LOOSKI,0.03685808088630438,4,1.0,Meghalaya
SONAI RIVER AT SONAI ASSAM,0.036615229398012164,5,0.0,Assam
BEKI RIVER AT NH-37 CROSSING AT BARPETA ROAD ASSAM,0.03660956397652626,1,0.0,Assam
RIVER KARAMANA AT ARUVIKARA THIRUVANANTHAPURAM,0.036403167992830276,1,0.0,Kerala
JHANJI AT N.H. CROSSING JORHAT ASSAM,0.036148954182863235,1,0.0,Assam
MYNTDU RIVER AT LESHKA JAYANTIA HILLS,0.036145145818591115,5,0.8,Meghalaya
IMPHAL AT MINUTHONG,0.03614033882816633,3,1.0,Manipur
RIHAND AT RENUKUT D/S U.P.,0.03612483758479357,2,0.5,Uttar Pradesh
RANAKPUR DAM RANAKPUR PALI RAJASTHAN,0.03607667190954089,8,0.0,Rajasthan
DZUNA RU IN KOHIMA ADJOINING THE NEW KOHIMA MUNICIPAL COUNCIL SOLID WASTE MANAGEMENT SITE NAGALAND,0.03593101352453232,2,0.0,Nagaland
NARMADA AT U/S OMKAREWHWAR DAM KHANDWA,0.03521111539819024,22,0.0,Madhya Pradesh
CHAMBAL AT FISH FARM GANDHISAGAR,0.03520707041025162,1,0.0,Madhya Pradesh
GANGA RIVER AT BARAHIYA NEPALITOLA MARANCHI ;LAKSHISARAI,0.03445524784425894,3,0.3333333333333333,Bihar
ONG AT DHARUAKHAMMA,0.034304878674447536,2,0.0,Odisha
DHANSIRI AT NAGARJAN BRIDGE,0.034068915992975235,1,0.0,Nagaland
GOPAD AT NIGARI SARAI DIST SINGROULI,0.033933546394109726,1,0.0,Madhya Pradesh
DORIKA RIVER NEAR MSW DUMPING SITE SIVASAGAR,0.03375939838588238,3,0.0,Assam
BRAHAMNI AT DHENKANAL D/S DHENKANAL TOWN,0.03361252757410208,3,0.0,Odisha
MAHI AT KADANA DAM (GUJARAT),0.033282648772001266,1,0.0,Haryana
IMPHAL AT MAHABALI,0.03253284888342023,4,0.5,Manipur
RIVER NARMADA AT BUDHNIGHAT BUDHNI,0.03146261349320412,1,0.0,Madhya Pradesh
SONE AT DEVLOAD OUT LET OF BANSAGAR DAM M.P,0.031139127910137177,3,0.0,Madhya Pradesh
PAZHASSI RESERVOIR (KANNUR),0.03102996340021491,4,0.0,Kerala
DZU D/S KOHIMA TOWN,0.030774157494306564,1,0.0,Nagaland
KONAR AT TENUGHAT DAM,0.030360553041100503,5,0.0,Jharkhand
RANGA NADI D/S OF HYDEL PROJECT ASSAM,0.029871266335248947,9,0.0,Arunachal Pradesh
WAINGANGA AT BALAGHAT M.P.,0.029670068994164467,2,0.0,Madhya Pradesh
GURADIH NALLAH AT PANPOSH,0.02922172751277685,2,1.0,Odisha
GODAVARI AT VISHNUPURINANDED NANDED,0.02892833761870861,1,0.0,Maharashtra
RANGIT RIVER AT JORETHANG,0.02885531121864915,4,0.0,West Bengal
BETWA AT RAJGHAT DAM SAGAR,0.02870515671869119,3,0.0,Madhya Pradesh
WASTEWATER OF TALCHER,0.028382251039147377,2,1.0,Odisha
SINGDA DAM AT NAMBUL RIVER,0.028039688244462013,2,1.0,Manipur
DIKHOW RIVER AT DIKHOW BRIDGE SIVASAGAR ASSAM,0.027535405941307545,2,0.0,Assam
UJH RIVER AT DAM SITE(L.H.S.) KATHUA,0.026817433536052704,2,0.0,Jammu & Kashmir
SONE U/S TO RIHAND CHOPAN (U.P.),0.026775658130645752,2,0.0,Uttar Pradesh
SANAVALLI DAM MUNGOD,0.02627355046570301,1,0.0,Karnataka
GODAVARI AT JAYAKWADI DAM PAITHANAURANAGABAD,0.025072041898965836,1,1.0,Maharashtra
RWIANG RIVER AT RWIANG,0.02469337172806263,1,0.0,Meghalaya
NARMADA NEAR PUNASA DAM PUNASA,0.022947221994400024,1,0.0,Madhya Pradesh
JAWAI DAM SIROHI RAJASTHAN,0.02208713348954916,9,0.1111111111111111,Rajasthan
SITARAM JAJU SAGAR DAM/POND WATER AT HARKHIYA KHAL NEEMUCH,0.02056833542883396,4,0.0,Madhya Pradesh
SONE ON KACHAN DAM NEAR IMILYA NORTH COAL MINES VILL MAJHOULI DIST SINGROULI,0.020510997623205185,1,0.0,Madhya Pradesh
GANGA AT MOKAMA (U/S) MAHADEO ASTHAN PATNA,0.01898295432329178,1,0.0,Bihar
CHAMBAL AT GANDHI SAGAR DAM RAMPURA MP,0.018662260845303535,2,0.0,Madhya Pradesh
RIVER CHAMBAL AT 100M D/S OF GANDHI SAGAR DAM. MANDSAUR,0.01755788130685687,2,0.0,Madhya Pradesh
